date,close,open,high,low,volume,fng_value,fng_classification,change_percent,next_change_percent
2020-11-18,17774.6,17662.3,18466.1,17258.9,233.43,91.0,Extreme Greed,0.64,0.16
2020-11-19,17803.5,17775.1,18166.0,17380.1,135.94,94.0,Extreme Greed,0.16,4.9
2020-11-20,18675.2,17805.5,18811.0,17758.4,134.42,86.0,Extreme Greed,4.9,0.06
2020-11-21,18687.2,18673.8,18966.0,18397.5,108.91,91.0,Extreme Greed,0.06,-1.47
2020-11-22,18412.9,18689.3,18751.5,17644.6,121.76,94.0,Extreme Greed,-1.47,-0.18
2020-11-23,18379.6,18428.1,18756.8,18016.0,127.35,90.0,Extreme Greed,-0.18,4.21
2020-11-24,19152.6,18394.6,19416.6,18074.8,180.79,88.0,Extreme Greed,4.21,-2.24
2020-11-25,18723.0,19151.5,19486.7,18527.7,146.12,94.0,Extreme Greed,-2.24,-8.34
2020-11-26,17162.0,18721.9,18894.9,16235.2,312.07,93.0,Extreme Greed,-8.34,-0.2
2020-11-27,17127.1,17160.9,17450.3,16481.6,138.8,86.0,Extreme Greed,-0.2,3.52
2020-11-28,17730.7,17142.6,17874.4,16874.4,95.2,87.0,Extreme Greed,3.52,2.57
2020-11-29,18185.5,17729.7,18336.3,17530.4,79.12,89.0,Extreme Greed,2.57,8.32
2020-11-30,19698.1,18186.0,19831.2,18186.0,185.59,88.0,Extreme Greed,8.32,-4.71
2020-12-01,18770.7,19697.8,19897.4,18257.0,208.72,95.0,Extreme Greed,-4.71,2.39
2020-12-02,19218.8,18767.9,19335.5,18346.7,91.92,92.0,Extreme Greed,2.39,1.12
2020-12-03,19433.3,19219.8,19596.6,18883.7,99.97,92.0,Extreme Greed,1.12,-3.99
2020-12-04,18658.1,19431.1,19529.5,18610.8,110.63,92.0,Extreme Greed,-3.99,2.62
2020-12-05,19146.5,18657.5,19172.7,18507.1,59.44,93.0,Extreme Greed,2.62,1.22
2020-12-06,19379.9,19146.0,19417.1,18873.0,54.56,95.0,Extreme Greed,1.22,-1.08
2020-12-07,19170.7,19368.4,19424.6,18908.8,61.98,94.0,Extreme Greed,-1.08,-4.4
2020-12-08,18326.6,19170.8,19288.6,18229.2,101.41,95.0,Extreme Greed,-4.4,1.2
2020-12-09,18546.0,18322.4,18637.9,17658.8,129.72,86.0,Extreme Greed,1.2,-1.61
2020-12-10,18247.2,18546.1,18551.8,17926.8,85.31,94.0,Extreme Greed,-1.61,-1.23
2020-12-11,18023.6,18250.5,18288.3,17600.1,111.53,89.0,Extreme Greed,-1.23,4.36
2020-12-12,18808.9,18026.7,18936.2,18025.1,71.37,90.0,Extreme Greed,4.36,1.96
2020-12-13,19176.8,18808.1,19403.6,18716.8,82.45,91.0,Extreme Greed,1.96,0.51
2020-12-14,19273.8,19176.4,19346.5,19007.0,67.11,95.0,Extreme Greed,0.51,0.84
2020-12-15,19434.9,19273.9,19556.3,19076.2,98.39,91.0,Extreme Greed,0.84,9.87
2020-12-16,21352.2,19434.7,21525.3,19299.7,199.81,92.0,Extreme Greed,9.87,6.9
2020-12-17,22825.4,21352.3,23738.0,21243.1,310.74,92.0,Extreme Greed,6.9,1.33
2020-12-18,23127.9,22823.3,23272.8,22361.5,131.8,95.0,Extreme Greed,1.33,3.1
2020-12-19,23844.0,23127.6,24107.1,22797.0,133.88,93.0,Extreme Greed,3.1,-1.55
2020-12-20,23474.9,23843.6,24280.9,23098.9,114.09,92.0,Extreme Greed,-1.55,-3.18
2020-12-21,22728.5,23474.1,24101.9,22015.5,154.69,92.0,Extreme Greed,-3.18,4.82
2020-12-22,23823.2,22730.4,23825.4,22388.6,130.75,88.0,Extreme Greed,4.82,-2.37
2020-12-23,23257.9,23820.8,24063.7,22694.7,178.47,93.0,Extreme Greed,-2.37,2.06
2020-12-24,23736.5,23253.2,23783.7,22737.3,104.59,86.0,Extreme Greed,2.06,4.02
2020-12-25,24689.6,23728.7,24778.9,23445.3,2.4,94.0,Extreme Greed,4.02,7.15
2020-12-26,26454.4,24714.7,26826.0,24515.1,155.77,93.0,Extreme Greed,7.15,-0.73
2020-12-27,26261.3,26460.3,28360.3,25858.2,231.23,91.0,Extreme Greed,-0.73,3.03
2020-12-28,27057.8,26259.2,27444.9,26144.3,126.98,92.0,Extreme Greed,3.03,1.18
2020-12-29,27376.0,27065.3,27390.7,25902.8,119.57,91.0,Extreme Greed,1.18,5.45
2020-12-30,28868.7,27374.5,28979.3,27374.5,159.82,91.0,Extreme Greed,5.45,0.28
2020-12-31,28949.4,28866.8,29298.8,28025.0,136.69,95.0,Extreme Greed,0.28,1.42
2021-01-01,29359.9,28951.7,29627.1,28712.4,100.9,94.0,Extreme Greed,1.42,9.65
2021-01-02,32193.3,29359.7,33233.5,29008.0,240.87,94.0,Extreme Greed,9.65,2.38
2021-01-03,32958.9,32192.9,34755.9,32029.6,155.21,93.0,Extreme Greed,2.38,-2.84
2021-01-04,32022.6,33016.6,33587.5,28204.5,255.27,94.0,Extreme Greed,-2.84,6.15
2021-01-05,33991.5,32015.4,34414.7,30010.5,202.13,93.0,Extreme Greed,6.15,8.24
2021-01-06,36793.2,33999.3,36934.8,33408.3,227.56,95.0,Extreme Greed,8.24,7.25
2021-01-07,39460.2,36798.5,40340.9,36361.2,249.6,91.0,Extreme Greed,7.25,2.89
2021-01-08,40599.3,39466.4,41921.7,36613.4,251.29,93.0,Extreme Greed,2.89,-1.1
2021-01-09,40151.9,40607.2,41363.5,38775.1,128.42,93.0,Extreme Greed,-1.1,-4.88
2021-01-10,38192.2,40149.7,41362.4,35141.6,215.78,94.0,Extreme Greed,-4.88,-6.93
2021-01-11,35544.3,38195.3,38217.2,30411.6,251.04,90.0,Extreme Greed,-6.93,-4.13
2021-01-12,34076.1,35426.0,36598.7,32572.7,241.93,84.0,Extreme Greed,-4.13,9.7
2021-01-13,37382.2,34061.2,37764.6,32451.9,209.93,78.0,Extreme Greed,9.7,4.8
2021-01-14,39175.7,37383.4,40054.3,36772.1,172.4,83.0,Extreme Greed,4.8,-5.95
2021-01-15,36845.8,39175.7,39715.0,34488.7,118.42,88.0,Extreme Greed,-5.95,-2.24
2021-01-16,36019.5,36751.8,37931.7,35408.4,137.02,84.0,Extreme Greed,-2.24,-0.5
2021-01-17,35839.6,36020.1,36801.3,33883.5,126.82,79.0,Extreme Greed,-0.5,2.16
2021-01-18,36613.2,35838.2,37436.8,34801.0,111.52,79.0,Extreme Greed,2.16,-1.67
2021-01-19,36002.9,36630.6,37821.0,36001.4,79.11,80.0,Extreme Greed,-1.67,-1.46
2021-01-20,35476.3,35862.1,36384.4,33444.5,153.61,78.0,Extreme Greed,-1.46,-13.06
2021-01-21,30842.1,35472.3,35591.1,30101.8,253.27,75.0,Greed,-13.06,7.0
2021-01-22,33000.5,30838.7,33821.2,28871.2,243.09,40.0,Fear,7.0,-2.76
2021-01-23,32088.9,32994.1,33441.4,31418.2,100.7,74.0,Greed,-2.76,0.47
2021-01-24,32241.3,32088.5,33034.8,30982.9,88.21,70.0,Greed,0.47,0.03
2021-01-25,32252.3,32244.3,34854.3,31967.4,142.43,74.0,Greed,0.03,0.77
2021-01-26,32502.1,32244.1,32917.7,30850.0,139.84,71.0,Greed,0.77,-6.46
2021-01-27,30404.0,32499.6,32545.4,29290.4,194.35,78.0,Extreme Greed,-6.46,9.77
2021-01-28,33374.8,30408.9,33790.8,29911.9,167.39,55.0,Greed,9.77,2.78
2021-01-29,34301.8,33381.7,38546.0,31953.3,297.73,77.0,Extreme Greed,2.78,-0.05
2021-01-30,34283.1,34300.0,34920.9,32908.5,128.57,76.0,Extreme Greed,-0.05,-3.43
2021-01-31,33108.1,34281.6,34348.3,32189.9,101.92,78.0,Extreme Greed,-3.43,1.23
2021-02-01,33515.7,33106.8,34685.6,32324.9,126.32,77.0,Extreme Greed,1.23,5.88
2021-02-02,35485.2,33514.0,35976.1,33462.4,120.85,76.0,Extreme Greed,5.88,6.09
2021-02-03,37646.8,35486.9,37646.8,35401.5,131.03,78.0,Extreme Greed,6.09,-1.77
2021-02-04,36982.1,37648.9,38707.9,36380.8,151.44,80.0,Extreme Greed,-1.77,3.56
2021-02-05,38297.6,36976.4,38303.6,36640.0,100.6,81.0,Extreme Greed,3.56,2.5
2021-02-06,39256.6,38300.6,40939.7,38275.3,156.02,84.0,Extreme Greed,2.5,-1.03
2021-02-07,38852.9,39228.9,39691.7,37381.6,125.37,86.0,Extreme Greed,-1.03,19.41
2021-02-08,46395.7,38853.6,46596.4,38057.0,248.47,83.0,Extreme Greed,19.41,0.24
2021-02-09,46508.6,46396.4,48143.5,45104.7,193.87,95.0,Extreme Greed,0.24,-3.6
2021-02-10,44836.0,46507.8,47295.3,43800.5,151.83,92.0,Extreme Greed,-3.6,7.04
2021-02-11,47990.7,44834.8,48622.1,44041.1,145.77,93.0,Extreme Greed,7.04,-1.29
2021-02-12,47371.7,47995.0,48927.4,46218.6,133.73,92.0,Extreme Greed,-1.29,-0.43
2021-02-13,47168.7,47373.1,48097.3,46270.5,89.42,92.0,Extreme Greed,-0.43,3.13
2021-02-14,48643.4,47172.1,49695.1,47051.9,106.5,95.0,Extreme Greed,3.13,-1.45
2021-02-15,47936.3,48611.1,48936.5,45786.1,123.18,93.0,Extreme Greed,-1.45,2.57
2021-02-16,49169.7,47934.2,50515.8,47044.4,141.37,95.0,Extreme Greed,2.57,5.92
2021-02-17,52079.2,49161.3,52577.7,49018.1,140.03,95.0,Extreme Greed,5.92,-0.95
2021-02-18,51582.2,52094.5,52524.0,50941.6,94.35,91.0,Extreme Greed,-0.95,8.38
2021-02-19,55906.6,51590.1,56238.5,50816.8,139.43,93.0,Extreme Greed,8.38,0.03
2021-02-20,55923.7,55922.0,57523.8,54124.1,127.85,91.0,Extreme Greed,0.03,2.7
2021-02-21,57433.8,55907.6,58335.1,55502.7,87.26,91.0,Extreme Greed,2.7,-5.78
2021-02-22,54111.8,57437.6,57480.8,48353.8,244.95,94.0,Extreme Greed,-5.78,-9.61
2021-02-23,48911.2,54114.1,54115.0,45093.8,315.07,94.0,Extreme Greed,-9.61,1.61
2021-02-24,49697.5,48911.1,51311.8,47031.7,153.75,76.0,Extreme Greed,1.61,-5.57
2021-02-25,46928.5,49695.9,52013.8,46773.7,83.22,79.0,Extreme Greed,-5.57,-1.24
2021-02-26,46345.6,46928.5,48413.9,44248.2,189.41,55.0,Greed,-1.24,-0.45
2021-02-27,46136.7,46333.1,48335.1,45059.4,98.75,56.0,Greed,-0.45,-2.11
2021-02-28,45164.0,46136.0,46582.0,43100.6,135.08,55.0,Greed,-2.11,9.81
2021-03-01,49595.5,45160.5,49774.0,45008.8,137.52,38.0,Fear,9.81,-2.36
2021-03-02,48424.2,49595.6,50191.9,47100.6,102.1,78.0,Extreme Greed,-2.36,4.07
2021-03-03,50395.1,48422.2,52567.9,48159.2,44.93,78.0,Extreme Greed,4.07,-3.9
2021-03-04,48428.0,50388.0,51757.7,47521.8,9.56,84.0,Extreme Greed,-3.9,0.75
2021-03-05,48792.5,48363.6,49429.4,46370.1,113.64,77.0,Extreme Greed,0.75,0.13
2021-03-06,48855.6,48798.7,49191.8,47132.8,66.66,77.0,Extreme Greed,0.13,4.35
2021-03-07,50982.3,48899.0,51434.1,48890.6,82.91,76.0,Extreme Greed,4.35,2.61
2021-03-08,52311.0,50988.9,52384.9,49338.1,68.14,81.0,Extreme Greed,2.61,4.91
2021-03-09,54879.0,52352.4,54880.6,51941.3,114.06,81.0,Extreme Greed,4.91,1.77
2021-03-10,55851.9,54882.7,57328.7,53073.6,140.96,68.0,Greed,1.77,3.49
2021-03-11,57799.5,55851.2,58135.0,54351.8,129.63,73.0,Greed,3.49,-0.92
2021-03-12,57265.1,57806.2,58052.3,55134.5,116.96,70.0,Greed,-0.92,6.86
2021-03-13,61195.3,57267.4,61795.8,56118.8,134.64,74.0,Greed,6.86,-3.4
2021-03-14,59113.7,61192.7,61673.7,59113.7,80.29,78.0,Extreme Greed,-3.4,-5.62
2021-03-15,55791.3,59117.4,60565.9,55088.8,117.71,76.0,Extreme Greed,-5.62,1.97
2021-03-16,56889.7,55619.5,56889.7,53342.6,128.51,71.0,Greed,1.97,3.56
2021-03-17,58913.5,56892.9,58933.2,54253.2,118.26,71.0,Greed,3.56,-2.13
2021-03-18,57656.0,58911.8,60088.0,57099.6,102.62,72.0,Greed,-2.13,0.75
2021-03-19,58088.0,57645.0,59448.3,56305.1,83.98,71.0,Greed,0.75,0.01
2021-03-20,58093.4,58084.1,59882.1,57863.0,67.83,75.0,Greed,0.01,-1.22
2021-03-21,57383.8,58097.4,58583.8,55583.3,77.47,73.0,Greed,-1.22,-5.62
2021-03-22,54158.3,57379.3,58379.9,53784.2,95.53,70.0,Greed,-5.62,0.54
2021-03-23,54452.5,54117.5,55813.8,52992.3,84.84,66.0,Greed,0.54,-3.91
2021-03-24,52325.4,54309.1,57169.4,51725.4,137.91,65.0,Greed,-3.91,-1.92
2021-03-25,51322.3,52330.0,53175.4,50441.3,143.35,60.0,Greed,-1.92,7.24
2021-03-26,55036.1,51317.4,55074.1,51302.0,100.3,54.0,Neutral,7.24,1.5
2021-03-27,55862.9,55033.8,56531.1,54010.2,73.87,65.0,Greed,1.5,-0.17
2021-03-28,55765.2,55856.9,56504.2,54711.3,58.71,74.0,Greed,-0.17,3.32
2021-03-29,57616.2,55764.7,58392.6,54951.1,107.91,72.0,Greed,3.32,2.0
2021-03-30,58771.3,57614.6,59366.9,57077.1,86.21,72.0,Greed,2.0,-0.01
2021-03-31,58763.7,58771.4,59795.6,56991.6,98.06,76.0,Extreme Greed,-0.01,-0.08
2021-04-01,58718.3,58763.2,59406.5,58040.7,69.04,74.0,Greed,-0.08,0.44
2021-04-02,58977.3,58718.2,60134.9,58466.5,72.37,74.0,Greed,0.44,-3.25
2021-04-03,57059.9,58976.8,59770.5,56906.7,68.74,73.0,Greed,-3.25,2.0
2021-04-04,58199.9,57059.7,58464.8,56470.6,57.21,74.0,Greed,2.0,1.36
2021-04-05,58993.4,58202.3,59205.1,56842.7,54.13,71.0,Greed,1.36,-1.69
2021-04-06,57996.3,59169.0,59487.0,57403.3,77.15,75.0,Greed,-1.69,-3.53
2021-04-07,55948.7,57996.3,58627.7,55489.3,110.69,72.0,Greed,-3.53,3.8
2021-04-08,58077.4,55948.0,58136.7,55721.6,64.78,73.0,Greed,3.8,0.07
2021-04-09,58118.7,58076.8,58890.9,57686.0,59.22,70.0,Greed,0.07,2.8
2021-04-10,59748.4,58127.4,61229.0,57900.0,103.72,70.0,Greed,2.8,0.39
2021-04-11,59978.7,59772.4,60667.1,59250.3,58.2,76.0,Extreme Greed,0.39,-0.19
2021-04-12,59863.8,59982.1,61259.9,59569.2,81.88,74.0,Greed,-0.19,6.14
2021-04-13,63540.9,59863.6,63659.0,59839.4,126.56,74.0,Greed,6.14,-0.88
2021-04-14,62980.4,63544.2,64778.0,61366.3,130.43,75.0,Greed,-0.88,0.37
2021-04-15,63216.0,62978.6,63729.1,62067.5,76.97,79.0,Extreme Greed,0.37,-2.9
2021-04-16,61379.7,63211.6,63518.5,60027.3,136.85,78.0,Extreme Greed,-2.9,-2.18
2021-04-17,60041.9,61358.3,62509.1,59672.1,84.08,76.0,Extreme Greed,-2.18,-6.39
2021-04-18,56207.1,60043.2,60362.1,51817.6,216.81,79.0,Extreme Greed,-6.39,-1.0
2021-04-19,55646.1,56208.1,57517.0,54272.3,117.51,74.0,Greed,-1.0,1.5
2021-04-20,56483.2,55645.1,57054.9,53422.5,115.49,73.0,Greed,1.5,-4.71
2021-04-21,53820.2,56479.5,56764.4,53657.6,100.26,73.0,Greed,-4.71,-3.88
2021-04-22,51729.5,53821.3,55408.4,50590.9,168.13,65.0,Greed,-3.88,-1.13
2021-04-23,51143.6,51707.1,52099.9,47659.4,214.46,55.0,Greed,-1.13,-2.06
2021-04-24,50088.9,51140.8,51183.0,48775.2,82.25,37.0,Fear,-2.06,-2.25
2021-04-25,48963.6,50088.2,50532.4,47098.5,59.2,31.0,Fear,-2.25,10.33
2021-04-26,54020.5,48963.5,54320.9,48815.9,129.76,27.0,Fear,10.33,1.88
2021-04-27,55036.5,54011.1,55427.8,53345.0,84.08,50.0,Neutral,1.88,-0.35
2021-04-28,54841.4,55036.0,56419.9,53876.4,86.96,59.0,Greed,-0.35,-2.34
2021-04-29,53560.8,54838.6,55173.7,52400.0,83.9,52.0,Neutral,-2.34,7.77
2021-04-30,57720.3,53562.3,57925.6,53088.7,103.74,51.0,Neutral,7.77,0.15
2021-05-01,57807.1,57719.1,58449.4,57029.5,63.41,68.0,Greed,0.15,-2.08
2021-05-02,56603.8,57807.2,57868.4,56110.5,53.61,66.0,Greed,-2.08,1.0
2021-05-03,57169.8,56605.8,58925.1,56562.4,89.24,61.0,Greed,1.0,-6.0
2021-05-04,53741.5,57170.6,57201.3,53741.5,132.33,68.0,Greed,-6.0,6.88
2021-05-05,57441.3,53872.5,57936.4,53872.5,119.82,48.0,Neutral,6.88,-1.8
2021-05-06,56405.4,57441.0,58364.9,55294.5,109.02,65.0,Greed,-1.8,1.65
2021-05-07,57337.2,56411.4,58639.3,55300.1,110.01,64.0,Greed,1.65,2.62
2021-05-08,58840.1,57330.3,59471.1,56972.2,101.27,67.0,Greed,2.62,-1.02
2021-05-09,58238.3,58840.6,59227.0,56414.4,103.59,73.0,Greed,-1.02,-4.1
2021-05-10,55848.9,58251.2,59523.9,53678.3,142.61,72.0,Greed,-4.1,1.52
2021-05-11,56695.7,55846.1,56871.1,54550.4,96.47,61.0,Greed,1.52,-12.9
2021-05-12,49384.2,56694.5,57938.5,49187.0,160.74,68.0,Greed,-12.9,0.65
2021-05-13,49704.6,49398.2,51337.3,46331.1,236.71,31.0,Fear,0.65,0.27
2021-05-14,49839.8,49704.9,51459.2,48874.0,118.84,26.0,Fear,0.27,-6.28
2021-05-15,46708.8,49839.1,50640.9,46650.2,131.91,27.0,Fear,-6.28,-0.6
2021-05-16,46426.4,46729.3,49764.3,43920.8,180.07,20.0,Extreme Fear,-0.6,-6.21
2021-05-17,43541.3,46424.2,46545.4,42201.5,274.76,27.0,Fear,-6.21,-1.48
2021-05-18,42897.3,43538.5,45770.9,42293.9,154.96,21.0,Extreme Fear,-1.48,-14.4
2021-05-19,36720.5,42898.3,43516.6,30261.7,607.1,23.0,Extreme Fear,-14.4,10.88
2021-05-20,40717.2,36706.8,42425.9,35010.4,269.75,11.0,Extreme Fear,10.88,-8.4
2021-05-21,37297.4,40611.2,42108.3,33592.3,315.5,19.0,Extreme Fear,-8.4,0.4
2021-05-22,37448.3,37291.0,38776.0,35314.9,185.83,12.0,Extreme Fear,0.4,-7.39
2021-05-23,34679.7,37446.8,38248.7,31192.4,325.73,14.0,Extreme Fear,-7.39,11.74
2021-05-24,38750.6,34720.3,39851.7,34474.6,244.88,10.0,Extreme Fear,11.74,-0.96
2021-05-25,38378.3,38753.6,39740.8,36540.7,163.01,22.0,Extreme Fear,-0.96,2.27
2021-05-26,39249.2,38375.7,40750.0,37847.0,153.8,22.0,Extreme Fear,2.27,-2.12
2021-05-27,38417.3,39249.0,40322.2,37190.8,122.93,27.0,Fear,-2.12,-7.17
2021-05-28,35662.5,38543.2,38844.1,34772.4,199.58,21.0,Extreme Fear,-7.17,-3.02
2021-05-29,34584.6,35664.5,37227.1,33664.2,160.43,18.0,Extreme Fear,-3.02,3.09
2021-05-30,35652.8,34589.3,36388.6,33441.0,104.18,10.0,Extreme Fear,3.09,4.62
2021-05-31,37298.6,35644.0,37480.7,34213.2,131.7,18.0,Extreme Fear,4.62,-1.64
2021-06-01,36687.6,37294.3,37850.3,35742.7,113.48,20.0,Extreme Fear,-1.64,2.37
2021-06-02,37555.8,36687.7,38199.9,35981.1,96.89,23.0,Extreme Fear,2.37,4.34
2021-06-03,39187.3,37555.7,39462.3,37193.6,106.44,24.0,Extreme Fear,4.34,-5.96
2021-06-04,36851.3,39191.4,39255.4,35659.9,127.71,27.0,Fear,-5.96,-3.61
2021-06-05,35520.0,36841.2,37887.6,34832.0,101.48,24.0,Extreme Fear,-3.61,0.83
2021-06-06,35815.4,35518.7,36434.0,35265.3,62.2,17.0,Extreme Fear,0.83,-6.25
2021-06-07,33578.0,35815.4,36754.6,33410.1,119.5,15.0,Extreme Fear,-6.25,-0.58
2021-06-08,33382.9,33574.6,34047.8,31158.1,193.54,13.0,Extreme Fear,-0.58,11.83
2021-06-09,37332.2,33385.5,37517.6,32428.6,209.82,14.0,Extreme Fear,11.83,-1.83
2021-06-10,36649.4,37375.2,38340.8,35824.0,154.32,21.0,Extreme Fear,-1.83,1.81
2021-06-11,37314.6,36654.3,37641.1,36003.3,109.15,21.0,Extreme Fear,1.81,-4.95
2021-06-12,35467.5,37334.4,37437.3,34703.3,87.73,28.0,Fear,-4.95,10.02
2021-06-13,39022.9,35467.5,39321.6,34827.0,123.32,23.0,Extreme Fear,10.02,3.86
2021-06-14,40529.4,39024.1,40970.4,38769.9,157.35,28.0,Fear,3.86,-0.92
2021-06-15,40156.1,40522.5,41318.0,39589.9,117.55,38.0,Fear,-0.92,-4.53
2021-06-16,38336.0,40148.1,40494.4,38156.4,123.52,33.0,Fear,-4.53,-0.74
2021-06-17,38052.0,38337.8,39529.9,37425.3,109.58,26.0,Fear,-0.74,-6.05
2021-06-18,35749.4,38045.5,38166.0,35198.5,102.84,25.0,Extreme Fear,-6.05,-0.66
2021-06-19,35513.4,35770.0,36357.3,34845.5,105.46,23.0,Extreme Fear,-0.66,0.23
2021-06-20,35595.8,35510.9,36097.9,33378.0,137.48,21.0,Extreme Fear,0.23,-10.97
2021-06-21,31692.0,35597.9,35708.4,31284.1,256.87,23.0,Extreme Fear,-10.97,2.54
2021-06-22,32496.4,31682.7,33272.5,28901.8,309.65,10.0,Extreme Fear,2.54,3.62
2021-06-23,33674.3,32498.3,34784.3,31736.5,173.34,14.0,Extreme Fear,3.62,2.94
2021-06-24,34665.8,33678.1,35249.9,32356.7,119.25,22.0,Extreme Fear,2.94,-8.86
2021-06-25,31594.0,34660.5,35490.9,31337.9,193.43,27.0,Fear,-8.86,2.06
2021-06-26,32243.4,31592.1,32643.0,30206.9,156.67,20.0,Extreme Fear,2.06,7.55
2021-06-27,34678.5,32247.1,34685.5,32041.7,148.8,22.0,Extreme Fear,7.55,-0.58
2021-06-28,34475.9,34682.2,35231.2,33944.9,112.0,25.0,Extreme Fear,-0.58,3.94
2021-06-29,35834.7,34477.3,36590.3,34247.6,97.27,25.0,Extreme Fear,3.94,-2.25
2021-06-30,35026.9,35832.6,36089.5,34126.6,107.07,28.0,Fear,-2.25,-4.23
2021-07-01,33543.6,35030.7,35032.7,32839.2,27.41,28.0,Fear,-4.23,0.8
2021-07-02,33813.4,33542.2,33925.9,32734.6,78.93,21.0,Extreme Fear,0.8,2.75
2021-07-03,34742.8,33814.2,34909.8,33363.3,55.69,24.0,Extreme Fear,2.75,1.6
2021-07-04,35298.2,34742.8,35957.6,34740.1,56.13,27.0,Fear,1.6,-4.56
2021-07-05,33687.8,35297.0,35300.5,33164.1,88.36,29.0,Fear,-4.56,1.6
2021-07-06,34225.6,33688.5,35062.0,33581.7,83.63,20.0,Extreme Fear,1.6,-1.05
2021-07-07,33867.8,34228.7,35036.6,33801.3,72.03,28.0,Fear,-1.05,-2.96
2021-07-08,32866.3,33859.4,33923.2,32146.9,108.09,20.0,Extreme Fear,-2.96,2.83
2021-07-09,33797.4,32866.3,34079.2,32367.0,67.14,20.0,Extreme Fear,2.83,-0.85
2021-07-10,33510.6,33797.7,34221.0,33056.8,50.94,20.0,Extreme Fear,-0.85,2.14
2021-07-11,34227.7,33510.8,34580.6,33319.8,35.72,20.0,Extreme Fear,2.14,-3.26
2021-07-12,33113.0,34228.3,34598.0,32662.8,63.24,25.0,Extreme Fear,-3.26,-1.16
2021-07-13,32728.1,33106.1,33307.7,32259.5,60.04,20.0,Extreme Fear,-1.16,0.28
2021-07-14,32820.7,32727.8,33051.9,31611.2,69.56,21.0,Extreme Fear,0.28,-2.99
2021-07-15,31840.5,32820.5,33157.0,31175.8,76.95,20.0,Extreme Fear,-2.99,-1.4
2021-07-16,31394.0,31842.3,32239.8,31062.2,70.48,22.0,Extreme Fear,-1.4,0.4
2021-07-17,31518.6,31384.4,31914.8,31207.8,58.06,15.0,Extreme Fear,0.4,0.85
2021-07-18,31785.4,31517.9,32408.2,31220.6,57.01,19.0,Extreme Fear,0.85,-2.98
2021-07-19,30837.2,31782.9,31887.0,30478.2,77.48,24.0,Extreme Fear,-2.98,-3.38
2021-07-20,29793.8,30835.4,31040.8,29310.2,97.46,19.0,Extreme Fear,-3.38,7.85
2021-07-21,32131.4,29794.7,32794.6,29519.3,118.34,10.0,Extreme Fear,7.85,0.52
2021-07-22,32298.9,32131.7,32585.4,31729.4,64.87,21.0,Extreme Fear,0.52,4.04
2021-07-23,33603.3,32297.9,33605.6,32041.1,66.15,23.0,Extreme Fear,4.04,0.66
2021-07-24,33824.8,33600.5,33955.0,33412.9,67.14,22.0,Extreme Fear,0.66,4.63
2021-07-25,35391.1,34392.5,35391.1,33881.3,65.1,27.0,Fear,4.63,5.33
2021-07-26,37276.6,35392.3,40522.9,35236.7,177.63,26.0,Fear,5.33,5.84
2021-07-27,39452.0,37294.3,39455.9,36427.4,100.24,32.0,Fear,5.84,1.4
2021-07-28,40003.2,39450.4,40862.2,38883.8,148.92,50.0,Neutral,1.4,0.0
2021-07-29,40001.4,40009.0,40630.7,39340.8,75.3,50.0,Neutral,0.0,5.5
2021-07-30,42203.4,40001.1,42264.4,38358.4,98.45,53.0,Neutral,5.5,-1.54
2021-07-31,41553.7,42201.4,42285.3,41066.4,44.65,60.0,Greed,-1.54,-4.03
2021-08-01,39878.3,41510.0,42565.0,39556.5,80.33,60.0,Greed,-4.03,-1.78
2021-08-02,39168.4,39869.8,40449.0,38692.5,74.81,48.0,Neutral,-1.78,-2.65
2021-08-03,38130.3,39167.4,39766.6,37688.2,0.26,48.0,Neutral,-2.65,4.21
2021-08-04,39736.9,38188.4,39956.5,37556.0,79.22,42.0,Fear,4.21,2.84
2021-08-05,40867.2,39734.4,41366.3,37365.4,130.6,50.0,Neutral,2.84,4.72
2021-08-06,42795.4,40868.4,43253.4,39905.4,111.93,52.0,Neutral,4.72,4.25
2021-08-07,44614.2,42784.7,44697.3,42611.0,112.84,69.0,Greed,4.25,-1.84
2021-08-08,43792.8,44584.9,45284.1,43314.4,105.25,74.0,Greed,-1.84,5.69
2021-08-09,46284.3,43794.9,46460.7,42824.1,117.08,65.0,Greed,5.69,-1.49
2021-08-10,45593.8,46281.8,46663.4,44681.2,80.55,71.0,Greed,-1.49,-0.06
2021-08-11,45564.3,45593.2,46736.5,45367.9,75.43,70.0,Greed,-0.06,-2.55
2021-08-12,44403.4,45562.3,46213.8,43814.7,81.07,70.0,Greed,-2.55,7.67
2021-08-13,47809.1,44404.0,47836.0,44242.4,75.27,70.0,Greed,7.67,-1.52
2021-08-14,47081.5,47809.6,48090.9,46117.2,64.29,76.0,Extreme Greed,-1.52,-0.19
2021-08-15,46991.3,47082.6,47344.1,45564.1,58.11,71.0,Greed,-0.19,-2.12
2021-08-16,45996.3,46991.6,48002.4,45672.1,2.41,72.0,Greed,-2.12,-2.84
2021-08-17,44691.6,45907.5,47140.6,44441.3,84.14,72.0,Greed,-2.84,0.07
2021-08-18,44723.8,44691.1,46004.9,44230.0,22.36,73.0,Greed,0.07,4.54
2021-08-19,46755.9,44725.9,47012.3,43986.7,77.92,70.0,Greed,4.54,5.49
2021-08-20,49324.0,46756.7,49343.3,46646.8,83.19,70.0,Greed,5.49,-0.91
2021-08-21,48875.8,49330.0,49719.1,48293.5,18.2,78.0,Extreme Greed,-0.91,0.77
2021-08-22,49254.5,48870.4,49480.3,48151.0,49.32,76.0,Extreme Greed,0.77,0.58
2021-08-23,49539.7,49255.4,50498.8,49038.6,75.37,79.0,Extreme Greed,0.58,-3.68
2021-08-24,47714.7,49532.5,49847.4,47623.6,74.26,79.0,Extreme Greed,-3.68,2.68
2021-08-25,48994.5,47707.4,49230.2,47163.3,63.54,73.0,Greed,2.68,-4.41
2021-08-26,46831.6,48994.4,49347.8,46360.4,73.79,75.0,Greed,-4.41,4.77
2021-08-27,49064.3,46830.2,49142.0,46371.5,62.47,71.0,Greed,4.77,-0.34
2021-08-28,48897.1,49062.8,49289.4,48428.5,36.73,78.0,Extreme Greed,-0.34,-0.24
2021-08-29,48777.4,48899.7,49621.7,47870.1,47.62,72.0,Greed,-0.24,-3.66
2021-08-30,46992.7,48777.1,48886.0,46876.9,61.68,73.0,Greed,-3.66,0.29
2021-08-31,47130.4,46989.1,48217.0,46709.3,71.48,73.0,Greed,0.29,3.58
2021-09-01,48819.4,47129.2,49121.0,46533.1,74.38,71.0,Greed,3.58,0.93
2021-09-02,49274.3,48817.8,50355.3,48612.9,80.21,74.0,Greed,0.93,1.47
2021-09-03,49999.0,49269.5,51008.8,48377.3,88.08,74.0,Greed,1.47,-0.16
2021-09-04,49918.4,49999.3,50534.6,49461.4,48.14,72.0,Greed,-0.16,3.71
2021-09-05,51768.6,49918.7,51878.2,49492.4,57.3,73.0,Greed,3.71,1.75
2021-09-06,52672.1,51769.4,52726.2,51002.8,69.46,79.0,Extreme Greed,1.75,-11.19
2021-09-07,46779.6,52674.2,52885.3,43072.4,187.56,79.0,Extreme Greed,-11.19,-1.54
2021-09-08,46061.4,46774.1,47316.9,44493.7,100.48,47.0,Neutral,-1.54,0.7
2021-09-09,46385.6,46057.6,47305.7,45609.0,73.63,45.0,Fear,0.7,-3.33
2021-09-10,44842.8,46385.9,47021.6,44283.6,75.62,46.0,Fear,-3.33,0.71
2021-09-11,45161.9,44844.9,45975.6,44766.6,41.58,31.0,Fear,0.71,1.99
2021-09-12,46062.3,45162.6,46386.4,44755.2,44.52,32.0,Fear,1.99,-2.42
2021-09-13,44949.5,46060.8,46807.7,43463.2,96.15,44.0,Fear,-2.42,4.73
2021-09-14,47077.5,44950.2,47247.6,44718.7,65.33,30.0,Fear,4.73,2.24
2021-09-15,48130.6,47070.8,48436.5,46743.9,63.4,49.0,Neutral,2.24,-0.8
2021-09-16,47748.0,48132.3,48480.6,47040.3,60.91,53.0,Neutral,-0.8,-0.97
2021-09-17,47282.8,47748.2,48155.9,46788.8,50.16,48.0,Neutral,-0.97,2.17
2021-09-18,48306.7,47283.9,48761.0,47070.5,43.64,50.0,Neutral,2.17,-2.21
2021-09-19,47238.7,48299.9,48341.9,46866.6,41.98,53.0,Neutral,-2.21,-9.25
2021-09-20,42870.6,47240.8,47323.9,42547.1,77.96,50.0,Neutral,-9.25,-5.18
2021-09-21,40651.3,43012.3,43619.3,39646.8,142.55,27.0,Fear,-5.18,7.13
2021-09-22,43551.6,40660.8,43976.7,40585.7,93.98,21.0,Extreme Fear,7.13,3.03
2021-09-23,44869.2,43550.7,44949.8,43090.1,74.54,27.0,Fear,3.03,-4.57
2021-09-24,42819.9,44867.4,45112.0,40908.5,128.88,33.0,Fear,-4.57,-0.31
2021-09-25,42686.8,42818.7,42959.3,41714.5,46.35,28.0,Fear,-0.31,1.21
2021-09-26,43203.4,42685.8,43907.3,40786.6,69.91,27.0,Fear,1.21,-2.39
2021-09-27,42172.6,43200.9,44293.2,42143.9,54.12,26.0,Fear,-2.39,-2.73
2021-09-28,41022.3,42169.9,42758.8,40906.4,60.01,25.0,Extreme Fear,-2.73,1.25
2021-09-29,41536.8,41023.1,42571.2,40815.0,48.21,24.0,Extreme Fear,1.25,5.5
2021-09-30,43823.3,41534.5,44101.2,41416.7,64.32,20.0,Extreme Fear,5.5,9.86
2021-10-01,48146.0,43824.4,48435.2,43292.9,94.66,27.0,Fear,9.86,-1.0
2021-10-02,47666.9,48147.2,48306.9,47451.7,39.82,54.0,Neutral,-1.0,1.12
2021-10-03,48200.1,47665.4,49165.2,47123.0,42.41,49.0,Neutral,1.12,2.13
2021-10-04,49227.3,48200.4,49481.7,46958.6,66.92,54.0,Neutral,2.13,4.55
2021-10-05,51469.3,49229.5,51872.4,49060.1,76.63,59.0,Greed,4.55,7.49
2021-10-06,55323.2,51470.0,55676.1,50439.5,116.26,68.0,Greed,7.49,-2.78
2021-10-07,53783.9,55325.2,55325.6,53476.4,75.68,76.0,Extreme Greed,-2.78,0.24
2021-10-08,53914.7,53785.5,55977.9,53659.3,64.05,74.0,Greed,0.24,1.91
2021-10-09,54942.5,53924.1,55430.8,53711.7,64.65,72.0,Greed,1.91,-0.46
2021-10-10,54687.7,54942.5,56432.2,54100.8,104.43,71.0,Greed,-0.46,5.1
2021-10-11,57477.3,54686.9,57814.1,54457.8,73.84,71.0,Greed,5.1,-2.54
2021-10-12,56015.9,57480.6,57635.7,54155.4,74.85,78.0,Extreme Greed,-2.54,2.44
2021-10-13,57380.1,56014.5,57697.4,54314.4,73.62,70.0,Greed,2.44,-0.06
2021-10-14,57345.8,57370.4,58506.5,56866.8,59.84,70.0,Greed,-0.06,7.54
2021-10-15,61672.5,57348.2,62892.8,56874.8,121.48,71.0,Greed,7.54,-1.32
2021-10-16,60861.1,61669.2,62329.2,60161.9,49.93,78.0,Extreme Greed,-1.32,1.09
2021-10-17,61527.5,60865.5,61651.4,59143.4,53.39,79.0,Extreme Greed,1.09,0.86
2021-10-18,62056.3,61525.8,62623.6,60026.9,80.15,78.0,Extreme Greed,0.86,3.58
2021-10-19,64278.5,62030.2,64454.0,61451.0,80.16,75.0,Greed,3.58,2.65
2021-10-20,65979.1,64276.9,66967.1,63543.7,79.87,82.0,Extreme Greed,2.65,-5.71
2021-10-21,62210.2,66004.6,66616.9,62092.1,105.38,84.0,Extreme Greed,-5.71,-2.44
2021-10-22,60690.3,62200.8,63699.7,60055.7,75.69,75.0,Greed,-2.44,1.03
2021-10-23,61312.5,60693.2,61728.7,59738.3,37.05,74.0,Greed,1.03,-0.73
2021-10-24,60866.5,61308.2,61469.9,59523.7,42.67,73.0,Greed,-0.73,3.62
2021-10-25,63067.0,60864.3,63694.8,60655.8,51.06,72.0,Greed,3.62,-4.37
2021-10-26,60310.8,63067.5,63275.1,59907.3,57.13,76.0,Extreme Greed,-4.37,-3.11
2021-10-27,58438.1,60312.5,61452.9,58112.6,88.11,73.0,Greed,-3.11,3.67
2021-10-28,60582.5,58437.2,62251.3,58128.1,88.47,66.0,Greed,3.67,2.74
2021-10-29,62242.8,60579.9,62952.2,60322.2,63.39,70.0,Greed,2.74,-0.65
2021-10-30,61840.1,62245.0,62338.5,60786.0,40.51,73.0,Greed,-0.65,-0.86
2021-10-31,61309.6,61842.2,62393.7,60005.7,50.06,74.0,Greed,-0.86,-0.64
2021-11-01,60915.3,61310.1,62430.1,59612.7,61.21,74.0,Greed,-0.64,3.79
2021-11-02,63221.7,60912.2,64256.4,60651.5,65.26,73.0,Greed,3.79,-0.48
2021-11-03,62918.5,63223.5,63508.6,60883.0,61.05,76.0,Extreme Greed,-0.48,-2.39
2021-11-04,61412.6,62915.4,63077.6,60742.9,49.91,73.0,Greed,-2.39,-0.71
2021-11-05,60974.3,61411.5,62560.3,60742.4,44.46,73.0,Greed,-0.71,0.84
2021-11-06,61483.9,60973.2,61543.2,60093.6,34.89,71.0,Greed,0.84,2.91
2021-11-07,63273.2,61483.8,63273.2,61347.2,34.34,73.0,Greed,2.91,6.72
2021-11-08,67527.9,63276.4,67763.3,63276.4,81.08,75.0,Greed,6.72,-0.92
2021-11-09,66904.4,67528.7,68493.3,66334.9,66.13,84.0,Extreme Greed,-0.92,-2.95
2021-11-10,64932.6,66942.6,68990.6,62951.3,96.21,75.0,Greed,-2.95,-0.19
2021-11-11,64806.7,64922.8,65583.3,64121.9,50.37,77.0,Extreme Greed,-0.19,-1.04
2021-11-12,64134.5,64782.6,65449.7,62309.7,63.27,74.0,Greed,-1.04,0.41
2021-11-13,64398.6,64133.3,64906.0,63381.4,30.34,72.0,Greed,0.41,1.72
2021-11-14,65508.2,64397.2,65508.2,63608.3,33.98,74.0,Greed,1.72,-2.92
2021-11-15,63597.9,65514.9,66311.2,63439.5,53.53,72.0,Greed,-2.92,-5.52
2021-11-16,60089.1,63605.1,63605.6,58655.9,115.36,71.0,Greed,-5.52,0.46
2021-11-17,60367.8,60074.2,60814.5,58531.9,73.93,52.0,Neutral,0.46,-5.65
2021-11-18,56955.3,60368.2,60936.9,56524.4,100.37,54.0,Neutral,-5.65,1.98
2021-11-19,58083.4,56908.3,58335.9,55626.3,74.44,34.0,Fear,1.98,2.81
2021-11-20,59717.6,58080.8,59854.6,57435.3,44.53,43.0,Fear,2.81,-1.68
2021-11-21,58714.3,59724.0,60002.6,58528.3,40.98,49.0,Neutral,-1.68,-4.1
2021-11-22,56308.8,58719.7,59288.3,55656.8,76.45,50.0,Neutral,-4.1,2.25
2021-11-23,57573.2,56304.8,57855.1,55542.5,72.48,33.0,Fear,2.25,-0.7
2021-11-24,57171.7,57559.4,57697.4,55910.6,56.68,42.0,Fear,-0.7,3.08
2021-11-25,58935.1,57167.1,59387.3,57029.8,56.79,32.0,Fear,3.08,-8.83
2021-11-26,53730.9,58937.3,59151.1,53533.5,104.03,47.0,Neutral,-8.83,1.93
2021-11-27,54765.9,53747.2,55280.3,53654.3,40.71,21.0,Extreme Fear,1.93,4.61
2021-11-28,57291.5,54758.0,57392.3,53448.3,49.28,27.0,Fear,4.61,0.88
2021-11-29,57794.8,57288.1,58855.2,56726.7,58.65,33.0,Fear,0.88,-1.58
2021-11-30,56882.9,57795.2,59174.4,55936.9,73.66,40.0,Fear,-1.58,0.58
2021-12-01,57210.3,56891.7,59064.3,56496.5,66.75,34.0,Fear,0.58,-1.25
2021-12-02,56496.0,57207.8,57377.5,55807.9,54.94,32.0,Fear,-1.25,-5.07
2021-12-03,53631.5,56495.2,57543.6,52008.9,89.2,31.0,Fear,-5.07,-8.27
2021-12-04,49195.2,53620.7,53847.2,42587.8,168.0,25.0,Extreme Fear,-8.27,0.43
2021-12-05,49405.5,49196.4,49689.3,47797.8,72.03,18.0,Extreme Fear,0.43,2.34
2021-12-06,50562.1,49412.1,50913.3,47237.9,89.68,16.0,Extreme Fear,2.34,0.07
2021-12-07,50595.2,50547.4,51918.6,50070.9,56.29,25.0,Extreme Fear,0.07,-0.24
2021-12-08,50473.9,50596.6,51204.7,48700.7,55.59,28.0,Fear,-0.24,-5.7
2021-12-09,47596.6,50477.6,50790.2,47341.9,58.69,29.0,Fear,-5.7,-0.97
2021-12-10,47137.2,47591.7,49974.8,47007.1,68.06,24.0,Extreme Fear,-0.97,4.62
2021-12-11,49314.5,47138.4,49487.0,46834.0,45.23,16.0,Extreme Fear,4.62,1.55
2021-12-12,50081.0,49332.5,50779.2,48670.5,40.3,27.0,Fear,1.55,-6.74
2021-12-13,46703.6,50075.9,50196.1,45848.2,80.37,28.0,Fear,-6.74,3.56
2021-12-14,48366.5,46709.8,48635.0,46338.3,62.54,21.0,Extreme Fear,3.56,1.04
2021-12-15,48871.5,48366.2,49477.9,46572.6,80.28,28.0,Fear,1.04,-2.54
2021-12-16,47628.2,48876.6,49387.8,47543.9,48.2,29.0,Fear,-2.54,-3.06
2021-12-17,46172.2,47630.4,47997.2,45523.8,67.5,23.0,Extreme Fear,-3.06,1.48
2021-12-18,46856.2,46171.8,47330.2,45513.4,36.93,24.0,Extreme Fear,1.48,-0.32
2021-12-19,46704.5,46855.7,48270.2,46438.4,44.05,29.0,Fear,-0.32,0.41
2021-12-20,46895.2,46703.4,47488.9,45577.3,57.53,25.0,Extreme Fear,0.41,4.28
2021-12-21,48902.0,46900.1,49306.1,46654.0,57.88,27.0,Fear,4.28,-0.62
2021-12-22,48599.7,48898.7,49540.3,48449.7,40.89,45.0,Fear,-0.62,4.53
2021-12-23,50801.0,48599.6,51355.6,48053.4,56.24,34.0,Fear,4.53,-0.03
2021-12-24,50786.1,50807.4,51795.3,50428.4,45.97,41.0,Fear,-0.03,-0.75
2021-12-25,50406.4,50789.6,51140.2,50196.8,26.67,39.0,Fear,-0.75,0.74
2021-12-26,50779.9,50404.0,51247.0,49527.0,32.34,37.0,Fear,0.74,-0.2
2021-12-27,50678.2,50783.6,52016.3,50459.0,43.9,40.0,Fear,-0.2,-6.18
2021-12-28,47545.2,50703.4,50703.8,47345.7,74.39,41.0,Fear,-6.18,-2.28
2021-12-29,46461.7,47548.4,48121.7,46127.8,63.92,27.0,Fear,-2.28,1.42
2021-12-30,47123.3,46470.7,47901.4,46003.0,60.96,22.0,Extreme Fear,1.42,-1.92
2021-12-31,46219.5,47123.3,48553.9,45693.6,58.18,28.0,Fear,-1.92,3.29
2022-01-01,47738.0,46217.5,47917.6,46217.5,31.24,21.0,Extreme Fear,3.29,-0.89
2022-01-02,47311.8,47738.7,47944.9,46718.2,27.02,29.0,Fear,-0.89,-1.86
2022-01-03,46430.2,47293.9,47556.0,45704.0,41.06,29.0,Fear,-1.86,-1.28
2022-01-04,45837.3,46435.7,47505.4,45602.1,55.59,23.0,Extreme Fear,-1.28,-5.26
2022-01-05,43425.9,45833.1,47019.4,42535.1,83.74,24.0,Extreme Fear,-5.26,-0.76
2022-01-06,43097.5,43431.6,43772.3,42481.1,63.08,15.0,Extreme Fear,-0.76,-3.6
2022-01-07,41546.7,43097.9,43127.7,40810.0,88.36,18.0,Extreme Fear,-3.6,0.3
2022-01-08,41672.0,41551.3,42304.4,40574.3,52.54,10.0,Extreme Fear,0.3,0.42
2022-01-09,41848.3,41681.2,42764.4,41260.9,37.51,23.0,Extreme Fear,0.42,-0.04
2022-01-10,41832.2,41848.9,42243.8,39697.0,85.5,23.0,Extreme Fear,-0.04,2.15
2022-01-11,42733.2,41829.1,43090.2,41287.6,61.78,21.0,Extreme Fear,2.15,2.73
2022-01-12,43901.0,42735.0,44243.6,42476.7,53.95,22.0,Extreme Fear,2.73,-3.05
2022-01-13,42560.0,43900.0,44404.7,42337.5,53.42,21.0,Extreme Fear,-3.05,1.21
2022-01-14,43073.3,42562.2,43435.1,41848.7,50.5,21.0,Extreme Fear,1.21,0.06
2022-01-15,43097.0,43073.6,43777.9,42586.1,31.44,23.0,Extreme Fear,0.06,-0.04
2022-01-16,43079.1,43079.2,43462.0,42643.3,28.66,21.0,Extreme Fear,-0.04,-2.02
2022-01-17,42209.3,43080.5,43179.6,41559.4,41.44,22.0,Extreme Fear,-2.02,0.37
2022-01-18,42364.6,42209.9,42674.2,41300.7,47.32,24.0,Extreme Fear,0.37,-1.62
2022-01-19,41677.8,42365.3,42558.0,41160.9,53.77,24.0,Extreme Fear,-1.62,-2.31
2022-01-20,40715.9,41683.6,43487.1,40568.3,65.28,24.0,Extreme Fear,-2.31,-10.41
2022-01-21,36475.5,40698.1,41104.6,35503.9,155.8,19.0,Extreme Fear,-10.41,-3.84
2022-01-22,35075.2,36467.7,36749.8,34116.0,138.09,13.0,Extreme Fear,-3.84,3.4
2022-01-23,36269.5,35072.9,36513.0,34655.2,70.43,11.0,Extreme Fear,3.4,1.15
2022-01-24,36686.3,36268.6,37424.0,32985.6,153.77,13.0,Extreme Fear,1.15,0.72
2022-01-25,36950.6,36691.3,37501.8,35729.3,79.68,12.0,Extreme Fear,0.72,-0.41
2022-01-26,36800.4,36962.3,38862.6,36280.0,107.87,23.0,Extreme Fear,-0.41,0.99
2022-01-27,37164.3,36800.1,37215.4,35543.2,83.52,20.0,Extreme Fear,0.99,1.56
2022-01-28,37745.1,37195.6,37995.9,36176.5,69.45,24.0,Extreme Fear,1.56,1.13
2022-01-29,38170.8,37736.5,38663.7,37350.2,42.77,24.0,Extreme Fear,1.13,-0.66
2022-01-30,37917.7,38167.5,38313.3,37390.6,34.1,29.0,Fear,-0.66,1.53
2022-01-31,38498.6,37923.8,38701.4,36672.8,61.27,20.0,Extreme Fear,1.53,0.55
2022-02-01,38709.7,38475.6,39230.0,38037.9,55.2,26.0,Fear,0.55,-4.7
2022-02-02,36890.2,38711.2,38853.8,36682.3,53.74,28.0,Fear,-4.7,1.08
2022-02-03,37287.8,36890.2,37304.3,36297.3,50.35,20.0,Extreme Fear,1.08,11.48
2022-02-04,41567.6,37287.8,41689.0,37041.1,95.49,20.0,Extreme Fear,11.48,-0.37
2022-02-05,41412.1,41566.5,41899.8,40963.3,46.32,33.0,Fear,-0.37,2.37
2022-02-06,42392.2,41411.9,42614.8,41176.3,31.2,37.0,Fear,2.37,3.4
2022-02-07,43833.9,42385.2,44468.3,41695.4,76.6,45.0,Fear,3.4,0.47
2022-02-08,44038.2,43833.9,45399.8,42705.0,92.88,48.0,Neutral,0.47,0.8
2022-02-09,44388.9,44038.2,44800.4,43163.0,50.92,54.0,Neutral,0.8,-1.96
2022-02-10,43521.0,44388.9,45755.2,43242.5,89.69,50.0,Neutral,-1.96,-2.6
2022-02-11,42388.4,43519.3,43915.1,42023.4,69.95,50.0,Neutral,-2.6,-0.43
2022-02-12,42205.2,42388.4,43006.4,41776.8,37.88,44.0,Fear,-0.43,-0.34
2022-02-13,42061.1,42205.5,42725.1,41880.1,25.88,44.0,Fear,-0.34,1.16
2022-02-14,42550.3,42061.1,42799.7,41591.3,53.6,46.0,Fear,1.16,4.69
2022-02-15,44544.4,42550.3,44722.6,42460.1,56.34,46.0,Fear,4.69,-1.48
2022-02-16,43883.6,44540.9,44552.9,43377.6,41.4,51.0,Neutral,-1.48,-7.59
2022-02-17,40552.8,43885.5,44167.1,40103.8,72.63,52.0,Neutral,-7.59,-1.36
2022-02-18,40000.1,40532.5,40935.5,39505.0,64.96,30.0,Fear,-1.36,0.23
2022-02-19,40090.3,40000.1,40434.3,39666.6,25.78,25.0,Extreme Fear,0.23,-4.33
2022-02-20,38355.0,40089.6,40120.3,38042.2,47.92,27.0,Fear,-4.33,-3.49
2022-02-21,37017.7,38355.0,39444.1,36868.9,91.82,25.0,Extreme Fear,-3.49,3.32
2022-02-22,38248.2,37018.3,38414.9,36399.6,82.75,20.0,Extreme Fear,3.32,-2.68
2022-02-23,37224.6,38248.2,39194.5,37099.5,64.84,25.0,Extreme Fear,-2.68,2.99
2022-02-24,38339.2,37250.2,39351.6,34357.4,180.47,23.0,Extreme Fear,2.99,2.27
2022-02-25,39209.6,38339.2,39683.7,38042.6,83.78,27.0,Fear,2.27,-0.24
2022-02-26,39115.5,39221.6,40094.5,38639.1,41.55,26.0,Fear,-0.24,-3.65
2022-02-27,37689.1,39116.6,39838.5,37062.3,66.14,26.0,Fear,-3.65,14.59
2022-02-28,43188.2,37707.2,43977.8,37458.9,108.07,20.0,Extreme Fear,14.59,2.85
2022-03-01,44420.3,43187.2,44900.5,42876.6,90.67,51.0,Neutral,2.85,-1.14
2022-03-02,43912.8,44420.3,45294.2,43361.3,80.82,52.0,Neutral,-1.14,-3.3
2022-03-03,42463.0,43912.8,44077.2,41840.8,74.11,39.0,Fear,-3.3,-7.82
2022-03-04,39142.7,42463.0,42848.7,38594.9,3.21,33.0,Fear,-7.82,0.65
2022-03-05,39395.8,39142.8,39600.2,38626.1,1.5,22.0,Extreme Fear,0.65,-2.52
2022-03-06,38403.1,39396.3,39668.1,38115.0,1.93,22.0,Extreme Fear,-2.52,-0.99
2022-03-07,38024.8,38420.6,39532.0,37182.1,3.02,23.0,Extreme Fear,-0.99,1.89
2022-03-08,38744.8,38020.6,39351.5,37886.6,2.67,21.0,Extreme Fear,1.89,8.22
2022-03-09,41929.0,38731.5,42538.5,38663.3,3.6,22.0,Extreme Fear,8.22,-5.99
2022-03-10,39416.3,41933.9,42029.1,38603.5,3.62,28.0,Fear,-5.99,-1.74
2022-03-11,38730.2,39422.5,40177.0,38236.4,2.79,22.0,Extreme Fear,-1.74,0.22
2022-03-12,38814.3,38730.2,39355.3,38666.5,1.11,22.0,Extreme Fear,0.22,-2.63
2022-03-13,37792.4,38813.2,39272.3,37603.4,1.55,21.0,Extreme Fear,-2.63,4.97
2022-03-14,39671.1,37789.5,39914.3,37613.6,2.33,23.0,Extreme Fear,4.97,-0.97
2022-03-15,39285.7,39673.0,39854.7,38220.9,2.25,21.0,Extreme Fear,-0.97,4.67
2022-03-16,41118.7,39282.5,41701.6,38953.2,4.47,24.0,Extreme Fear,4.67,-0.5
2022-03-17,40914.8,41118.7,41406.0,40557.8,1.9,27.0,Fear,-0.5,2.08
2022-03-18,41767.8,40914.6,42308.4,40234.8,2.31,25.0,Extreme Fear,2.08,1.11
2022-03-19,42233.0,41768.0,42386.0,41529.6,224.59,28.0,Fear,1.11,-2.27
2022-03-20,41276.0,42241.0,42301.0,40922.0,308.45,31.0,Fear,-2.27,-0.62
2022-03-21,41022.0,41282.0,41532.0,40530.0,406.62,30.0,Fear,-0.62,3.29
2022-03-22,42373.0,41022.0,43327.9,40893.0,537.06,26.0,Fear,3.29,1.27
2022-03-23,42912.0,42373.0,43027.0,41795.0,433.96,31.0,Fear,1.27,2.57
2022-03-24,44013.0,42911.0,44251.0,42658.0,491.66,40.0,Fear,2.57,0.72
2022-03-25,44331.0,44013.0,45112.0,43622.0,494.09,47.0,Neutral,0.72,0.49
2022-03-26,44548.0,44331.0,44818.0,44090.0,196.3,51.0,Neutral,0.49,5.19
2022-03-27,46859.0,44542.0,46947.0,44445.0,388.79,49.0,Neutral,5.19,0.52
2022-03-28,47105.0,46859.0,48199.0,46672.0,610.27,60.0,Greed,0.52,0.73
2022-03-29,47449.0,47126.0,48127.0,47029.0,478.82,56.0,Greed,0.73,-0.79
2022-03-30,47075.0,47449.0,47714.0,46601.0,467.76,55.0,Greed,-0.79,-3.29
2022-03-31,45525.0,47071.0,47624.0,45228.0,520.0,52.0,Neutral,-3.29,1.7
2022-04-01,46297.0,45529.0,46728.0,44261.0,632.93,50.0,Neutral,1.7,-1.05
2022-04-02,45811.0,46299.0,47212.0,45641.0,345.93,52.0,Neutral,-1.05,1.3
2022-04-03,46407.0,45813.0,47435.0,45554.0,398.86,48.0,Neutral,1.3,0.48
2022-04-04,46629.0,46407.0,46899.0,45152.0,446.12,52.0,Neutral,0.48,-2.41
2022-04-05,45506.0,46614.0,47201.0,45388.0,421.11,53.0,Neutral,-2.41,-5.13
2022-04-06,43173.0,45494.0,45519.0,43122.0,649.52,48.0,Neutral,-5.13,0.64
2022-04-07,43448.0,43166.0,43893.0,42747.0,390.85,34.0,Fear,0.64,-2.7
2022-04-08,42275.0,43450.0,43979.0,42113.0,467.83,37.0,Fear,-2.7,1.16
2022-04-09,42767.0,42275.0,42809.0,42129.0,165.16,30.0,Fear,1.16,-1.47
2022-04-10,42138.0,42760.0,43421.0,41884.0,255.83,34.0,Fear,-1.47,-6.27
2022-04-11,39497.0,42144.0,42418.0,39202.0,608.38,32.0,Fear,-6.27,1.47
2022-04-12,40078.0,39507.0,40678.0,39265.0,468.27,20.0,Extreme Fear,1.47,2.63
2022-04-13,41133.0,40072.0,41515.0,39581.0,406.7,25.0,Extreme Fear,2.63,-2.91
2022-04-14,39936.0,41133.0,41494.0,39585.0,294.29,28.0,Fear,-2.91,1.56
2022-04-15,40560.0,39936.0,40850.0,39781.0,233.09,22.0,Extreme Fear,1.56,-0.44
2022-04-16,40382.0,40571.0,40691.0,40003.0,151.31,28.0,Fear,-0.44,-1.68
2022-04-17,39703.0,40382.0,40599.0,39561.0,210.01,28.0,Fear,-1.68,2.77
2022-04-18,40803.0,39700.0,41095.0,38577.0,484.26,24.0,Extreme Fear,2.77,1.72
2022-04-19,41503.0,40809.0,41746.0,40585.0,268.28,27.0,Fear,1.72,-0.33
2022-04-20,41368.0,41499.0,42203.0,40915.0,382.84,27.0,Fear,-0.33,-2.14
2022-04-21,40482.0,41370.0,42969.0,39793.0,493.05,27.0,Fear,-2.14,-1.91
2022-04-22,39709.0,40487.0,40792.0,39200.0,421.3,26.0,Fear,-1.91,-0.73
2022-04-23,39418.0,39709.0,39973.0,39291.0,190.6,24.0,Extreme Fear,-0.73,0.12
2022-04-24,39464.0,39434.0,39929.0,39033.0,283.63,24.0,Extreme Fear,0.12,2.44
2022-04-25,40427.0,39464.0,40599.0,38233.0,654.6,23.0,Extreme Fear,2.44,-5.72
2022-04-26,38113.0,40443.0,40770.0,37708.0,681.47,27.0,Fear,-5.72,2.96
2022-04-27,39243.0,38113.0,39447.0,37869.0,426.83,21.0,Extreme Fear,2.96,1.29
2022-04-28,39748.0,39243.0,40382.0,38888.0,542.39,24.0,Extreme Fear,1.29,-2.94
2022-04-29,38581.0,39748.0,39919.0,38175.0,382.9,23.0,Extreme Fear,-2.94,-2.41
2022-04-30,37650.0,38590.0,38776.0,37596.0,248.22,20.0,Extreme Fear,-2.41,2.15
2022-05-01,38461.0,37642.0,38676.0,37397.0,276.99,22.0,Extreme Fear,2.15,0.14
2022-05-02,38514.0,38472.0,39134.0,38061.0,580.79,28.0,Fear,0.14,-2.07
2022-05-03,37718.0,38515.0,38647.0,37513.0,367.21,27.0,Fear,-2.07,5.22
2022-05-04,39688.0,37717.0,40021.0,37660.0,691.49,21.0,Extreme Fear,5.22,-7.92
2022-05-05,36544.0,39686.0,39833.0,36183.0,1.04,27.0,Fear,-7.92,-1.46
2022-05-06,36009.0,36540.0,36646.0,35267.0,752.84,22.0,Extreme Fear,-1.46,-1.5
2022-05-07,35468.0,36003.0,36119.0,34773.0,288.86,23.0,Extreme Fear,-1.5,-3.97
2022-05-08,34060.0,35468.0,35497.0,33727.0,671.05,18.0,Extreme Fear,-3.97,-11.64
2022-05-09,30095.0,34041.0,34227.0,30095.0,268.09,11.0,Extreme Fear,-11.64,3.03
2022-05-10,31007.5,30098.2,32621.2,29831.0,235.61,10.0,Extreme Fear,3.03,-6.25
2022-05-11,29068.2,31008.0,32113.6,27835.5,296.9,12.0,Extreme Fear,-6.25,-0.32
2022-05-12,28976.0,29073.4,30136.7,26500.5,309.48,12.0,Extreme Fear,-0.32,1.06
2022-05-13,29284.4,28994.3,31002.7,28755.0,141.23,10.0,Extreme Fear,1.06,2.72
2022-05-14,30080.4,29285.2,30277.4,28666.7,70.46,9.0,Extreme Fear,2.72,4.08
2022-05-15,31308.7,30078.6,31383.8,29499.4,65.44,10.0,Extreme Fear,4.08,-4.66
2022-05-16,29849.0,31308.3,31312.4,29135.8,100.25,14.0,Extreme Fear,-4.66,1.97
2022-05-17,30437.5,29856.7,30720.1,29484.5,79.63,8.0,Extreme Fear,1.97,-5.76
2022-05-18,28683.7,30437.5,30687.9,28648.1,92.03,12.0,Extreme Fear,-5.76,5.66
2022-05-19,30305.9,28700.4,30525.1,28682.1,101.38,13.0,Extreme Fear,5.66,-3.72
2022-05-20,29178.6,30305.9,30735.1,28738.5,98.78,13.0,Extreme Fear,-3.72,0.88
2022-05-21,29434.6,29188.7,29623.2,28953.9,32.27,13.0,Extreme Fear,0.88,2.89
2022-05-22,30286.6,29433.0,30462.0,29260.1,50.6,14.0,Extreme Fear,2.89,-3.94
2022-05-23,29093.3,30287.3,30644.8,28913.6,92.1,10.0,Extreme Fear,-3.94,1.91
2022-05-24,29648.7,29091.6,29810.8,28706.1,79.42,12.0,Extreme Fear,1.91,-0.36
2022-05-25,29540.6,29648.7,30202.3,29353.5,78.85,11.0,Extreme Fear,-0.36,-1.14
2022-05-26,29203.5,29537.9,29868.9,28077.9,126.71,12.0,Extreme Fear,-1.14,-2.06
2022-05-27,28601.2,29194.0,29377.1,28282.2,116.41,12.0,Extreme Fear,-2.06,1.49
2022-05-28,29027.1,28620.1,29194.4,28537.2,43.87,13.0,Extreme Fear,1.49,1.51
2022-05-29,29465.2,29027.1,29556.5,28838.7,36.87,14.0,Extreme Fear,1.51,7.66
2022-05-30,31723.3,29465.2,32185.6,29307.2,129.56,10.0,Extreme Fear,7.66,0.22
2022-05-31,31793.4,31730.2,32377.5,31221.2,86.6,16.0,Extreme Fear,0.22,-6.27
2022-06-01,29798.5,31793.1,31969.9,29396.6,135.09,17.0,Extreme Fear,-6.27,2.2
2022-06-02,30455.5,29798.6,30638.5,29604.4,81.4,13.0,Extreme Fear,2.2,-2.48
2022-06-03,29700.9,30455.7,30674.8,29330.8,72.13,10.0,Extreme Fear,-2.48,0.55
2022-06-04,29864.3,29700.9,29963.8,29489.5,33.51,14.0,Extreme Fear,0.55,0.16
2022-06-05,29913.0,29865.1,30166.9,29539.0,30.33,10.0,Extreme Fear,0.16,4.86
2022-06-06,31367.6,29911.2,31753.4,29888.6,94.01,13.0,Extreme Fear,4.86,-0.76
2022-06-07,31128.8,31370.3,31556.6,29235.0,140.32,15.0,Extreme Fear,-0.76,-2.98
2022-06-08,30201.6,31127.2,31312.1,29874.8,87.96,17.0,Extreme Fear,-2.98,-0.34
2022-06-09,30097.8,30202.1,30691.4,29953.8,61.72,11.0,Extreme Fear,-0.34,-3.37
2022-06-10,29083.3,30097.4,30325.6,28884.9,104.26,13.0,Extreme Fear,-3.37,-2.34
2022-06-11,28403.4,29083.3,29426.6,28161.8,82.92,12.0,Extreme Fear,-2.34,-6.33
2022-06-12,26606.3,28404.0,28534.8,26606.3,120.02,14.0,Extreme Fear,-6.33,-15.63
2022-06-13,22448.0,26606.3,26857.6,22006.3,379.26,11.0,Extreme Fear,-15.63,-1.29
2022-06-14,22157.3,22449.1,23200.3,20860.9,251.01,8.0,Extreme Fear,-1.29,1.9
2022-06-15,22577.9,22137.5,22754.4,20125.8,280.41,7.0,Extreme Fear,1.9,-9.71
2022-06-16,20386.6,22577.9,22942.1,20231.1,144.0,7.0,Extreme Fear,-9.71,0.28
2022-06-17,20444.6,20391.3,21315.4,20244.1,136.27,9.0,Extreme Fear,0.28,-7.13
2022-06-18,18986.5,20446.4,20744.7,17630.5,267.25,6.0,Extreme Fear,-7.13,8.38
2022-06-19,20577.2,18983.4,20763.5,17983.7,169.39,6.0,Extreme Fear,8.38,-0.02
2022-06-20,20572.3,20576.9,20996.8,19658.8,140.6,9.0,Extreme Fear,-0.02,0.72
2022-06-21,20720.4,20571.6,21689.3,20371.7,136.32,9.0,Extreme Fear,0.72,-3.64
2022-06-22,19965.8,20720.2,20864.3,19780.2,125.94,11.0,Extreme Fear,-3.64,5.68
2022-06-23,21100.7,19967.3,21189.8,19907.5,110.7,11.0,Extreme Fear,5.68,0.6
2022-06-24,21226.9,21100.9,21488.7,20743.9,104.56,11.0,Extreme Fear,0.6,1.24
2022-06-25,21489.9,21226.9,21553.4,20917.5,66.63,14.0,Extreme Fear,1.24,-2.08
2022-06-26,21043.5,21489.9,21837.4,20989.7,67.21,14.0,Extreme Fear,-2.08,-1.49
2022-06-27,20730.2,21037.7,21497.5,20568.0,84.69,12.0,Extreme Fear,-1.49,-2.18
2022-06-28,20278.0,20727.9,21200.2,20210.5,83.83,10.0,Extreme Fear,-2.18,-0.82
2022-06-29,20111.3,20278.0,20415.8,19880.7,98.97,13.0,Extreme Fear,-0.82,-0.92
2022-06-30,19926.6,20111.3,20155.1,18682.7,127.73,11.0,Extreme Fear,-0.92,-3.33
2022-07-01,19262.9,19926.6,20785.6,18980.1,150.18,11.0,Extreme Fear,-3.33,-0.1
2022-07-02,19243.2,19275.4,19425.4,19006.4,58.57,14.0,Extreme Fear,-0.1,0.35
2022-07-03,19309.9,19243.4,19626.4,18794.4,65.27,11.0,Extreme Fear,0.35,4.69
2022-07-04,20215.8,19310.6,20303.8,19052.5,92.79,14.0,Extreme Fear,4.69,-0.08
2022-07-05,20200.6,20215.8,20706.9,19315.4,122.43,19.0,Extreme Fear,-0.08,1.78
2022-07-06,20561.1,20180.4,20654.9,19785.3,105.24,18.0,Extreme Fear,1.78,5.24
2022-07-07,21637.8,20557.9,21817.8,20282.7,115.81,18.0,Extreme Fear,5.24,-0.12
2022-07-08,21611.2,21637.1,22482.1,21207.0,439.9,20.0,Extreme Fear,-0.12,-0.11
2022-07-09,21587.5,21610.4,21944.1,21338.4,190.11,24.0,Extreme Fear,-0.11,-3.43
2022-07-10,20847.4,21587.4,21599.2,20689.7,204.68,24.0,Extreme Fear,-3.43,-4.24
2022-07-11,19963.2,20847.2,20855.0,19897.0,160.2,22.0,Extreme Fear,-4.24,-3.17
2022-07-12,19330.9,19963.2,20051.7,19279.6,167.91,16.0,Extreme Fear,-3.17,4.75
2022-07-13,20250.0,19331.6,20250.8,18942.2,249.38,15.0,Extreme Fear,4.75,1.66
2022-07-14,20586.0,20250.0,20862.2,19664.9,205.28,18.0,Extreme Fear,1.66,1.16
2022-07-15,20825.1,20586.1,21178.1,20393.4,164.67,15.0,Extreme Fear,1.16,1.85
2022-07-16,21209.9,20825.2,21561.3,20484.4,136.89,21.0,Extreme Fear,1.85,-2.0
2022-07-17,20785.6,21209.8,21654.4,20755.2,132.81,24.0,Extreme Fear,-2.0,8.37
2022-07-18,22525.8,20785.6,22714.9,20770.6,279.72,20.0,Extreme Fear,8.37,3.93
2022-07-19,23410.2,22529.3,23757.3,21581.8,308.91,30.0,Fear,3.93,-0.83
2022-07-20,23215.2,23412.0,24258.0,22944.4,281.31,31.0,Fear,-0.83,-0.27
2022-07-21,23153.0,23219.9,23403.8,22360.2,217.08,34.0,Fear,-0.27,-2.06
2022-07-22,22675.2,23150.0,23741.4,22524.2,197.54,33.0,Fear,-2.06,-0.95
2022-07-23,22460.4,22683.6,22991.0,21971.7,137.42,31.0,Fear,-0.95,0.54
2022-07-24,22582.1,22449.8,22987.9,22281.3,126.66,30.0,Fear,0.54,-5.67
2022-07-25,21301.9,22582.3,22653.3,21275.4,206.93,30.0,Fear,-5.67,-0.25
2022-07-26,21248.7,21301.6,21322.3,20737.3,201.57,26.0,Fear,-0.25,8.05
2022-07-27,22958.3,21248.0,23027.8,21047.5,242.66,28.0,Fear,8.05,3.88
2022-07-28,23850.0,22957.7,24190.5,22611.6,268.32,32.0,Fear,3.88,-0.32
2022-07-29,23774.3,23850.2,24340.0,23451.4,221.66,39.0,Fear,-0.32,-0.59
2022-07-30,23634.2,23774.2,24605.3,23521.8,168.72,42.0,Fear,-0.59,-1.4
2022-07-31,23303.4,23634.2,24179.3,23236.2,138.84,39.0,Fear,-1.4,-0.14
2022-08-01,23271.2,23303.4,23484.4,22863.8,162.33,33.0,Fear,-0.14,-1.21
2022-08-02,22988.6,23271.1,23423.3,22670.8,177.3,31.0,Fear,-1.21,-0.73
2022-08-03,22820.8,22988.7,23623.7,22698.6,174.66,34.0,Fear,-0.73,-0.91
2022-08-04,22612.1,22822.2,23214.5,22438.7,181.19,30.0,Fear,-0.91,3.08
2022-08-05,23308.2,22613.3,23447.6,22593.5,208.9,31.0,Fear,3.08,-1.56
2022-08-06,22944.2,23308.2,23344.4,22923.6,94.44,31.0,Fear,-1.56,1.01
2022-08-07,23175.3,22944.2,23387.7,22852.3,99.36,30.0,Fear,1.01,2.77
2022-08-08,23816.3,23175.3,24234.1,23160.6,197.94,30.0,Fear,2.77,-2.81
2022-08-09,23146.7,23818.1,23912.0,22886.5,169.62,42.0,Fear,-2.81,3.53
2022-08-10,23962.9,23150.3,24209.9,22714.7,243.61,31.0,Fear,3.53,-0.12
2022-08-11,23935.3,23963.3,24873.5,23864.0,285.36,41.0,Fear,-0.12,1.94
2022-08-12,24398.7,23935.3,24440.8,23616.4,194.96,42.0,Fear,1.94,0.18
2022-08-13,24442.5,24398.9,24882.9,24318.7,170.59,46.0,Fear,0.18,-0.57
2022-08-14,24302.8,24442.1,24997.3,24172.2,177.25,47.0,Neutral,-0.57,-0.83
2022-08-15,24101.7,24303.3,25205.7,23784.5,279.28,45.0,Fear,-0.83,-1.02
2022-08-16,23856.8,24102.6,24240.8,23693.8,201.7,44.0,Fear,-1.02,-2.17
2022-08-17,23338.0,23855.8,24423.5,23191.6,239.53,41.0,Fear,-2.17,-0.58
2022-08-18,23203.6,23337.7,23578.0,23131.3,160.97,30.0,Fear,-0.58,-10.22
2022-08-19,20831.3,23201.6,23202.3,20807.8,339.47,33.0,Fear,-10.22,1.48
2022-08-20,21138.9,20830.7,21357.4,20784.8,206.94,29.0,Fear,1.48,1.79
2022-08-21,21517.2,21138.9,21692.4,21077.4,177.52,27.0,Fear,1.79,-0.47
2022-08-22,21416.3,21516.8,21517.4,20912.1,251.83,29.0,Fear,-0.47,0.47
2022-08-23,21517.2,21416.5,21661.0,20919.6,228.65,28.0,Fear,0.47,-0.71
2022-08-24,21365.2,21516.2,21832.3,21171.1,202.4,25.0,Extreme Fear,-0.71,0.94
2022-08-25,21565.4,21365.4,21801.2,21324.8,190.15,25.0,Extreme Fear,0.94,-6.1
2022-08-26,20249.9,21564.2,21815.3,20122.4,322.16,27.0,Fear,-6.1,-1.07
2022-08-27,20033.9,20249.9,20343.6,19849.8,187.34,28.0,Fear,-1.07,-2.41
2022-08-28,19550.2,20034.2,20150.8,19542.9,159.6,28.0,Fear,-2.41,3.81
2022-08-29,20295.8,19551.3,20394.5,19551.2,248.04,24.0,Extreme Fear,3.81,-2.48
2022-08-30,19792.6,20295.6,20558.2,19559.7,308.41,27.0,Fear,-2.48,1.27
2022-08-31,20043.9,19793.4,20469.1,19793.4,318.17,23.0,Extreme Fear,1.27,0.41
2022-09-01,20126.1,20049.9,20202.7,19584.4,275.08,20.0,Extreme Fear,0.41,-0.86
2022-09-02,19952.7,20131.6,20428.2,19764.7,272.22,25.0,Extreme Fear,-0.86,-0.61
2022-09-03,19831.4,19952.8,20043.8,19660.7,157.85,21.0,Extreme Fear,-0.61,0.85
2022-09-04,19999.9,19832.2,20017.8,19594.7,158.27,20.0,Extreme Fear,0.85,-1.03
2022-09-05,19793.1,19999.9,20042.9,19650.7,238.71,23.0,Extreme Fear,-1.03,-5.09
2022-09-06,18786.4,19793.4,20169.3,18723.3,402.43,22.0,Extreme Fear,-5.09,2.64
2022-09-07,19281.5,18786.3,19445.9,18548.4,319.1,24.0,Extreme Fear,2.64,0.19
2022-09-08,19317.4,19281.5,19444.7,19034.5,291.43,20.0,Extreme Fear,0.19,10.6
2022-09-09,21365.2,19318.8,21545.7,19294.1,480.37,22.0,Extreme Fear,10.6,1.33
2022-09-10,21650.4,21363.8,21790.6,21139.9,331.12,28.0,Fear,1.33,0.85
2022-09-11,21834.9,21650.4,21836.4,21363.0,297.12,26.0,Fear,0.85,2.57
2022-09-12,22395.3,21836.6,22465.4,21581.6,431.98,25.0,Extreme Fear,2.57,-9.91
2022-09-13,20175.5,22395.3,22702.5,19909.6,485.32,34.0,Fear,-9.91,0.23
2022-09-14,20222.5,20175.5,20503.7,19654.2,374.22,27.0,Fear,0.23,-2.58
2022-09-15,19701.7,20222.3,20321.4,19532.3,358.42,28.0,Fear,-2.58,0.51
2022-09-16,19802.4,19701.9,19883.0,19352.9,315.59,20.0,Extreme Fear,0.51,1.57
2022-09-17,20113.5,19802.8,20178.6,19761.0,204.58,22.0,Extreme Fear,1.57,-3.45
2022-09-18,19418.8,20113.9,20113.9,19347.7,273.11,27.0,Fear,-3.45,0.62
2022-09-19,19538.9,19417.4,19666.6,18277.8,423.43,21.0,Extreme Fear,0.62,-3.41
2022-09-20,18872.4,19538.9,19626.3,18742.6,361.18,23.0,Extreme Fear,-3.41,-2.03
2022-09-21,18489.0,18875.1,19758.4,18191.8,446.85,23.0,Extreme Fear,-2.03,4.95
2022-09-22,19404.0,18488.1,19490.9,18371.0,448.63,22.0,Extreme Fear,4.95,-0.57
2022-09-23,19293.5,19404.1,19477.3,18554.8,431.15,20.0,Extreme Fear,-0.57,-1.91
2022-09-24,18925.2,19288.4,19310.6,18812.0,258.5,24.0,Extreme Fear,-1.91,-0.64
2022-09-25,18803.2,18925.1,19125.1,18659.6,209.71,24.0,Extreme Fear,-0.64,2.25
2022-09-26,19225.7,18803.1,19304.8,18695.2,516.03,21.0,Extreme Fear,2.25,-0.75
2022-09-27,19081.0,19228.8,20361.2,18850.4,660.12,20.0,Extreme Fear,-0.75,1.73
2022-09-28,19411.0,19083.4,19757.8,18505.3,581.19,20.0,Extreme Fear,1.73,0.94
2022-09-29,19593.0,19420.2,19631.5,18877.9,449.57,22.0,Extreme Fear,0.94,-0.87
2022-09-30,19423.0,19593.4,20174.9,19208.9,490.29,21.0,Extreme Fear,-0.87,-0.57
2022-10-01,19311.9,19422.9,19480.3,19172.6,173.91,20.0,Extreme Fear,-0.57,-1.34
2022-10-02,19052.2,19311.9,19389.9,18937.3,222.82,24.0,Extreme Fear,-1.34,3.02
2022-10-03,19628.3,19057.6,19676.0,19001.3,333.03,24.0,Extreme Fear,3.02,3.63
2022-10-04,20340.2,19629.7,20436.1,19506.4,368.17,20.0,Extreme Fear,3.63,-0.9
2022-10-05,20157.5,20340.5,20353.8,19761.7,352.76,25.0,Extreme Fear,-0.9,-1.0
2022-10-06,19956.7,20157.5,20436.7,19873.7,370.6,26.0,Fear,-1.0,-2.13
2022-10-07,19531.3,19962.4,20051.4,19352.1,263.5,23.0,Extreme Fear,-2.13,-0.6
2022-10-08,19415.0,19530.2,19612.2,19274.7,113.5,24.0,Extreme Fear,-0.6,0.13
2022-10-09,19441.0,19416.3,19552.1,19329.6,127.53,22.0,Extreme Fear,0.13,-1.58
2022-10-10,19134.6,19441.7,19520.7,19057.0,243.77,22.0,Extreme Fear,-1.58,-0.39
2022-10-11,19059.1,19134.3,19261.3,18868.7,288.57,24.0,Extreme Fear,-0.39,0.5
2022-10-12,19154.8,19058.5,19212.6,19010.6,242.18,20.0,Extreme Fear,0.5,1.17
2022-10-13,19379.8,19154.6,19494.4,18207.9,455.13,20.0,Extreme Fear,1.17,-1.02
2022-10-14,19181.8,19379.8,19933.9,19098.6,400.45,24.0,Extreme Fear,-1.02,-0.59
2022-10-15,19068.7,19181.7,19218.7,19000.8,123.66,24.0,Extreme Fear,-0.59,1.01
2022-10-16,19261.9,19068.8,19411.9,19066.0,140.95,24.0,Extreme Fear,1.01,1.49
2022-10-17,19548.2,19262.2,19663.5,19163.6,248.4,20.0,Extreme Fear,1.49,-1.13
2022-10-18,19328.2,19548.4,19692.9,19102.8,290.07,22.0,Extreme Fear,-1.13,-1.06
2022-10-19,19123.9,19328.2,19358.6,19101.2,209.28,23.0,Extreme Fear,-1.06,-0.42
2022-10-20,19042.9,19125.1,19334.5,18935.6,253.2,23.0,Extreme Fear,-0.42,0.63
2022-10-21,19162.6,19042.9,19245.5,18703.3,294.66,23.0,Extreme Fear,0.63,0.22
2022-10-22,19204.8,19162.6,19249.9,19116.1,118.24,20.0,Extreme Fear,0.22,1.91
2022-10-23,19571.2,19204.8,19680.9,19092.5,180.63,23.0,Extreme Fear,1.91,-1.22
2022-10-24,19331.5,19571.2,19588.6,19177.2,286.94,22.0,Extreme Fear,-1.22,3.89
2022-10-25,20082.7,19331.8,20406.9,19249.0,371.54,20.0,Extreme Fear,3.89,3.42
2022-10-26,20769.5,20086.8,20981.5,20062.9,427.99,33.0,Fear,3.42,-2.29
2022-10-27,20292.9,20769.5,20867.9,20231.6,365.49,32.0,Fear,-2.29,1.49
2022-10-28,20594.4,20293.0,20744.0,20058.2,318.9,30.0,Fear,1.49,1.05
2022-10-29,20809.8,20594.2,21038.1,20561.9,276.54,34.0,Fear,1.05,-0.88
2022-10-30,20626.3,20809.4,20922.3,20522.5,207.63,34.0,Fear,-0.88,-0.63
2022-10-31,20496.3,20626.0,20822.4,20260.0,327.47,31.0,Fear,-0.63,-0.06
2022-11-01,20483.5,20496.1,20676.6,20348.1,302.72,30.0,Fear,-0.06,-1.61
2022-11-02,20154.4,20482.9,20778.3,20065.8,420.23,30.0,Fear,-1.61,0.26
2022-11-03,20206.4,20154.0,20384.5,20066.6,347.23,30.0,Fear,0.26,4.65
2022-11-04,21145.9,20206.4,21281.9,20184.6,499.5,30.0,Fear,4.65,0.74
2022-11-05,21301.6,21145.7,21464.7,21084.1,261.23,38.0,Fear,0.74,-1.81
2022-11-06,20916.3,21298.7,21360.4,20901.0,242.26,40.0,Fear,-1.81,-1.56
2022-11-07,20589.0,20916.3,21055.4,20410.5,414.24,33.0,Fear,-1.56,-10.01
2022-11-08,18527.4,20589.0,20667.5,17260.0,865.1,31.0,Fear,-10.01,-14.25
2022-11-09,15886.9,18538.9,18583.8,15603.3,869.57,29.0,Fear,-14.25,10.71
2022-11-10,17589.1,15887.0,18138.2,15799.3,720.74,22.0,Extreme Fear,10.71,-3.07
2022-11-11,17049.9,17589.1,17679.4,16435.5,466.35,25.0,Extreme Fear,-3.07,-1.49
2022-11-12,16795.2,17049.9,17100.8,16633.9,192.91,21.0,Extreme Fear,-1.49,-2.8
2022-11-13,16324.5,16803.9,16946.5,16274.9,210.8,22.0,Extreme Fear,-2.8,1.77
2022-11-14,16613.7,16325.0,17158.4,15834.0,442.46,24.0,Extreme Fear,1.77,1.69
2022-11-15,16895.1,16615.0,17112.0,16543.9,337.15,22.0,Extreme Fear,1.69,-2.1
2022-11-16,16540.5,16895.4,16993.4,16408.2,295.73,23.0,Extreme Fear,-2.1,0.91
2022-11-17,16691.2,16540.5,16739.7,16425.8,257.0,20.0,Extreme Fear,0.91,-0.32
2022-11-18,16638.3,16715.4,16846.3,16553.0,241.96,23.0,Extreme Fear,-0.32,0.37
2022-11-19,16699.2,16652.2,16814.9,16608.9,114.89,23.0,Extreme Fear,0.37,-2.47
2022-11-20,16286.7,16699.3,16749.3,16209.2,172.83,24.0,Extreme Fear,-2.47,-3.13
2022-11-21,15776.2,16278.6,16287.9,15504.2,372.15,21.0,Extreme Fear,-3.13,2.77
2022-11-22,16212.9,15776.6,16274.6,15620.4,287.21,22.0,Extreme Fear,2.77,2.53
2022-11-23,16623.9,16216.9,16677.6,16162.3,305.08,22.0,Extreme Fear,2.53,-0.14
2022-11-24,16601.2,16604.9,16785.6,16472.0,229.59,20.0,Extreme Fear,-0.14,-0.54
2022-11-25,16512.3,16600.6,16611.8,16360.9,204.07,20.0,Extreme Fear,-0.54,-0.34
2022-11-26,16456.5,16512.3,16686.3,16387.9,194.94,22.0,Extreme Fear,-0.34,-0.19
2022-11-27,16425.6,16456.4,16595.4,16414.6,173.25,26.0,Fear,-0.19,-1.3
2022-11-28,16211.7,16426.1,16481.4,16013.5,284.84,28.0,Fear,-1.3,1.41
2022-11-29,16440.4,16211.9,16531.4,16100.1,271.58,26.0,Fear,1.41,4.4
2022-11-30,17163.9,16440.8,17215.5,16433.2,348.22,29.0,Fear,4.4,-1.12
2022-12-01,16972.0,17163.4,17244.7,16868.9,266.14,27.0,Fear,-1.12,0.72
2022-12-02,17093.6,16972.2,17096.2,16799.9,227.01,27.0,Fear,0.72,-1.22
2022-12-03,16884.5,17093.4,17132.6,16862.1,169.29,27.0,Fear,-1.22,1.35
2022-12-04,17112.6,16884.8,17198.1,16881.6,197.12,26.0,Fear,1.35,-0.85
2022-12-05,16966.5,17106.9,17395.2,16886.9,268.72,26.0,Fear,-0.85,0.72
2022-12-06,17089.3,16966.3,17101.1,16914.9,246.19,25.0,Extreme Fear,0.72,-1.49
2022-12-07,16835.2,17089.4,17126.7,16715.3,244.36,29.0,Fear,-1.49,2.32
2022-12-08,17225.7,16835.2,17294.2,16765.8,261.64,25.0,Extreme Fear,2.32,-0.58
2022-12-09,17125.7,17225.6,17288.6,17082.1,260.84,26.0,Fear,-0.58,0.01
2022-12-10,17127.2,17125.7,17220.5,17105.7,148.81,27.0,Fear,0.01,-0.2
2022-12-11,17093.3,17127.0,17262.9,17080.6,167.2,26.0,Fear,-0.2,0.68
2022-12-12,17210.4,17093.2,17232.5,16878.5,249.39,27.0,Fear,0.68,3.3
2022-12-13,17778.6,17210.9,17951.6,17094.5,328.71,27.0,Fear,3.3,0.1
2022-12-14,17796.4,17778.6,18351.8,17682.1,318.98,30.0,Fear,0.1,-2.47
2022-12-15,17356.1,17796.4,17846.1,17298.2,263.44,31.0,Fear,-2.47,-4.19
2022-12-16,16629.6,17356.7,17518.5,16542.4,303.56,29.0,Fear,-4.19,0.89
2022-12-17,16777.1,16629.0,16794.4,16587.0,164.49,28.0,Fear,0.89,-0.21
2022-12-18,16741.1,16777.0,16825.7,16666.5,124.29,26.0,Fear,-0.21,-1.79
2022-12-19,16441.3,16741.1,16809.5,16331.2,207.93,29.0,Fear,-1.79,2.81
2022-12-20,16902.8,16441.3,17031.3,16400.7,284.57,29.0,Fear,2.81,-0.42
2022-12-21,16831.8,16902.7,16919.4,16735.0,174.34,26.0,Fear,-0.42,-0.07
2022-12-22,16820.6,16831.8,16862.2,16566.1,198.28,28.0,Fear,-0.07,-0.25
2022-12-23,16779.1,16820.5,16910.7,16768.0,184.12,27.0,Fear,-0.25,0.35
2022-12-24,16837.2,16778.6,16855.8,16777.8,110.12,29.0,Fear,0.35,-0.03
2022-12-25,16831.8,16835.7,16852.9,16733.0,132.89,29.0,Fear,-0.03,0.51
2022-12-26,16918.1,16831.8,16936.1,16799.4,133.36,28.0,Fear,0.51,-1.25
2022-12-27,16706.1,16918.2,16964.0,16610.1,192.18,27.0,Fear,-1.25,-0.96
2022-12-28,16546.2,16705.9,16781.1,16474.2,217.96,28.0,Fear,-0.96,0.55
2022-12-29,16636.4,16546.2,16659.1,16496.6,181.47,28.0,Fear,0.55,-0.18
2022-12-30,16607.2,16636.4,16644.4,16360.0,192.76,28.0,Fear,-0.18,-0.42
2022-12-31,16537.4,16607.2,16635.9,16487.3,130.44,25.0,Extreme Fear,-0.42,0.49
2023-01-01,16618.4,16537.5,16621.9,16499.7,107.84,26.0,Fear,0.49,0.34
2023-01-02,16674.3,16618.4,16766.9,16551.0,136.03,27.0,Fear,0.34,0.0
2023-01-03,16674.2,16673.1,16773.2,16607.2,178.73,26.0,Fear,0.0,1.07
2023-01-04,16852.1,16674.2,16976.5,16656.5,247.39,29.0,Fear,1.07,-0.13
2023-01-05,16829.8,16852.2,16877.9,16772.3,178.96,29.0,Fear,-0.13,0.72
2023-01-06,16950.9,16829.8,17012.3,16707.6,233.47,26.0,Fear,0.72,-0.04
2023-01-07,16943.6,16950.9,16979.6,16909.7,110.48,25.0,Extreme Fear,-0.04,1.04
2023-01-08,17119.0,16943.6,17119.0,16913.8,144.84,25.0,Extreme Fear,1.04,0.36
2023-01-09,17180.1,17119.0,17390.8,17107.1,301.24,25.0,Extreme Fear,0.36,1.51
2023-01-10,17439.1,17180.1,17491.0,17151.7,247.14,26.0,Fear,1.51,2.89
2023-01-11,17942.3,17440.5,17989.8,17323.9,291.53,26.0,Fear,2.89,5.07
2023-01-12,18851.3,17941.0,19055.3,17915.5,522.01,30.0,Fear,5.07,5.71
2023-01-13,19927.0,18850.8,19981.6,18723.8,426.67,31.0,Fear,5.71,5.17
2023-01-14,20958.2,19926.9,21185.6,19898.6,458.21,46.0,Fear,5.17,-0.37
2023-01-15,20879.8,20956.0,21032.2,20585.7,205.8,52.0,Neutral,-0.37,1.46
2023-01-16,21184.2,20880.1,21416.8,20698.9,337.46,45.0,Fear,1.46,-0.22
2023-01-17,21137.1,21184.4,21506.4,20926.2,310.04,51.0,Neutral,-0.22,-2.21
2023-01-18,20670.6,21137.1,21584.1,20448.3,388.67,52.0,Neutral,-2.21,1.99
2023-01-19,21081.2,20670.6,21169.4,20669.7,275.76,45.0,Fear,1.99,7.57
2023-01-20,22677.2,21074.9,22718.5,20879.3,373.74,51.0,Neutral,7.57,0.43
2023-01-21,22775.7,22677.5,23304.5,22461.1,382.69,53.0,Neutral,0.43,-0.3
2023-01-22,22707.8,22775.7,23068.7,22323.0,280.64,53.0,Neutral,-0.3,0.91
2023-01-23,22915.5,22709.0,23161.8,22527.9,327.85,50.0,Neutral,0.91,-1.23
2023-01-24,22632.5,22916.3,23156.1,22517.1,334.17,52.0,Neutral,-1.23,1.87
2023-01-25,23055.1,22632.5,23779.0,22366.3,388.18,51.0,Neutral,1.87,-0.17
2023-01-26,23016.0,23055.2,23259.5,22869.0,320.97,54.0,Neutral,-0.17,0.25
2023-01-27,23074.6,23016.0,23480.3,22602.9,310.36,55.0,Greed,0.25,-0.2
2023-01-28,23027.9,23074.6,23182.3,22889.8,156.96,52.0,Neutral,-0.2,3.15
2023-01-29,23753.1,23023.5,23952.9,22973.3,320.86,55.0,Greed,3.15,-3.88
2023-01-30,22832.2,23746.0,23794.0,22560.0,339.62,61.0,Greed,-3.88,1.28
2023-01-31,23125.1,22832.2,23262.9,22724.9,289.38,51.0,Neutral,1.28,2.6
2023-02-01,23725.6,23124.7,23784.5,22809.6,333.18,56.0,Greed,2.6,-1.26
2023-02-02,23427.6,23726.2,24207.2,23398.1,382.86,60.0,Greed,-1.26,0.02
2023-02-03,23431.2,23429.1,23694.1,23233.8,349.36,60.0,Greed,0.02,-0.46
2023-02-04,23323.8,23431.2,23571.8,23269.8,170.27,58.0,Greed,-0.46,-1.66
2023-02-05,22936.0,23326.9,23423.4,22766.5,217.26,58.0,Greed,-1.66,-0.76
2023-02-06,22761.8,22936.0,23130.6,22633.7,278.58,56.0,Greed,-0.76,2.15
2023-02-07,23251.7,22761.8,23338.8,22748.2,318.98,54.0,Neutral,2.15,-1.23
2023-02-08,22964.6,23251.7,23425.1,22691.7,289.12,58.0,Greed,-1.23,-5.1
2023-02-09,21792.5,22964.6,23003.6,21744.6,425.44,55.0,Greed,-5.1,-0.72
2023-02-10,21635.0,21792.5,21933.6,21491.7,352.79,48.0,Neutral,-0.72,1.04
2023-02-11,21859.8,21627.4,21902.9,21605.3,182.07,49.0,Neutral,1.04,-0.33
2023-02-12,21786.8,21859.9,22080.7,21653.1,211.65,50.0,Neutral,-0.33,-0.07
2023-02-13,21772.6,21782.7,21887.5,21418.7,312.04,48.0,Neutral,-0.07,1.96
2023-02-14,22198.5,21776.9,22308.6,21556.2,378.39,50.0,Neutral,1.96,9.59
2023-02-15,24327.9,22198.5,24330.9,22050.8,401.53,53.0,Neutral,9.59,-3.24
2023-02-16,23539.6,24328.1,25233.8,23525.9,484.5,62.0,Greed,-3.24,4.39
2023-02-17,24573.5,23538.2,24984.7,23373.0,523.85,61.0,Greed,4.39,0.24
2023-02-18,24631.4,24573.5,24838.9,24457.0,223.77,60.0,Greed,0.24,-1.33
2023-02-19,24302.9,24631.3,25175.2,24273.7,312.64,60.0,Greed,-1.33,2.21
2023-02-20,24839.5,24302.8,25085.4,23868.6,363.02,58.0,Greed,2.21,-1.57
2023-02-21,24450.7,24839.5,25236.8,24160.8,395.97,60.0,Greed,-1.57,-1.08
2023-02-22,24186.6,24450.7,24474.3,23593.4,400.24,59.0,Greed,-1.08,-1.03
2023-02-23,23936.3,24186.6,24590.4,23637.9,417.46,56.0,Greed,-1.03,-3.11
2023-02-24,23191.5,23936.4,24123.4,22970.3,367.99,53.0,Neutral,-3.11,-0.11
2023-02-25,23166.1,23191.3,23215.3,22777.4,198.35,52.0,Neutral,-0.11,1.69
2023-02-26,23558.7,23166.1,23671.8,23066.0,209.12,51.0,Neutral,1.69,-0.27
2023-02-27,23494.1,23558.7,23876.2,23166.8,297.65,50.0,Neutral,-0.27,-1.55
2023-02-28,23130.5,23494.0,23595.0,23033.8,275.1,53.0,Neutral,-1.55,2.21
2023-03-01,23642.2,23130.6,23914.1,23025.3,328.77,50.0,Neutral,2.21,-0.75
2023-03-02,23465.4,23642.2,23780.5,23208.7,249.26,51.0,Neutral,-0.75,-4.73
2023-03-03,22354.4,23465.6,23473.4,22051.9,344.63,50.0,Neutral,-4.73,-0.03
2023-03-04,22347.1,22354.7,22403.7,22167.4,123.93,50.0,Neutral,-0.03,0.36
2023-03-05,22428.3,22347.1,22636.7,22213.5,160.57,47.0,Neutral,0.36,-0.08
2023-03-06,22410.0,22428.2,22595.4,22320.1,215.31,48.0,Neutral,-0.08,-0.95
2023-03-07,22197.8,22410.1,22535.1,21968.6,304.75,49.0,Neutral,-0.95,-2.19
2023-03-08,21710.8,22197.8,22274.3,21661.3,316.51,50.0,Neutral,-2.19,-6.21
2023-03-09,20361.8,21710.8,21826.5,20079.6,468.76,44.0,Fear,-6.21,-1.01
2023-03-10,20156.7,20362.0,20362.6,19591.8,655.27,34.0,Fear,-1.01,1.54
2023-03-11,20467.5,20156.5,20669.5,19796.7,453.46,33.0,Fear,1.54,7.46
2023-03-12,21994.8,20465.0,22028.6,20294.2,455.69,33.0,Fear,7.46,9.64
2023-03-13,24114.4,21994.8,24406.2,21859.6,733.63,49.0,Neutral,9.64,2.43
2023-03-14,24699.7,24121.5,26365.9,23994.6,753.06,56.0,Greed,2.43,-1.69
2023-03-15,24282.7,24699.6,25108.9,23932.4,614.31,50.0,Neutral,-1.69,2.97
2023-03-16,25004.1,24283.2,25139.0,24147.9,462.58,52.0,Neutral,2.97,9.55
2023-03-17,27391.8,25004.4,27742.2,24900.1,674.96,51.0,Neutral,9.55,-1.74
2023-03-18,26914.5,27391.9,27659.1,26688.7,392.47,64.0,Greed,-1.74,3.88
2023-03-19,27958.7,26914.5,28347.3,26844.6,393.27,63.0,Greed,3.88,-0.85
2023-03-20,27720.5,27958.9,28457.8,27157.0,503.9,66.0,Greed,-0.85,1.42
2023-03-21,28114.0,27719.8,28437.8,27350.6,438.78,68.0,Greed,1.42,-3.03
2023-03-22,27261.7,28114.2,28760.3,26668.7,262.03,62.0,Greed,-3.03,3.85
2023-03-23,28310.7,27262.8,28734.1,27144.6,158.46,57.0,Greed,3.85,-3.0
2023-03-24,27462.2,28306.9,28374.5,27026.5,110.36,61.0,Greed,-3.0,0.05
2023-03-25,27475.6,27462.2,27761.9,27176.7,61.36,64.0,Greed,0.05,1.81
2023-03-26,27973.5,27474.9,28153.7,27429.1,60.64,64.0,Greed,1.81,-3.02
2023-03-27,27129.8,27974.8,28023.3,26611.5,107.24,64.0,Greed,-3.02,0.49
2023-03-28,27262.2,27127.8,27465.0,26665.6,94.16,59.0,Greed,0.49,3.99
2023-03-29,28350.4,27262.9,28627.4,27249.8,109.32,57.0,Greed,3.99,-1.13
2023-03-30,28029.5,28350.3,29160.4,27716.7,122.51,60.0,Greed,-1.13,1.58
2023-03-31,28473.7,28029.3,28646.3,27587.5,98.44,63.0,Greed,1.58,-0.06
2023-04-01,28456.1,28473.7,28795.1,28285.6,38.09,61.0,Greed,-0.06,-0.91
2023-04-02,28198.3,28456.1,28522.8,27871.7,45.04,63.0,Greed,-0.91,-1.41
2023-04-03,27802.1,28194.7,28458.4,27256.9,98.0,63.0,Greed,-1.41,1.3
2023-04-04,28164.4,27802.2,28429.1,27668.9,64.06,62.0,Greed,1.3,0.03
2023-04-05,28173.5,28164.4,28744.4,27823.5,77.32,62.0,Greed,0.03,-0.49
2023-04-06,28036.7,28173.5,28173.5,27734.5,51.29,63.0,Greed,-0.49,-0.45
2023-04-07,27910.4,28037.6,28102.5,27779.4,30.94,64.0,Greed,-0.45,0.11
2023-04-08,27941.2,27910.4,28153.1,27863.8,23.73,61.0,Greed,0.11,1.38
2023-04-09,28326.6,27941.2,28522.7,27809.2,39.35,61.0,Greed,1.38,4.64
2023-04-10,29641.0,28326.5,29755.4,28182.9,85.73,62.0,Greed,4.64,1.92
2023-04-11,30209.6,29641.0,30484.6,29597.8,89.38,68.0,Greed,1.92,-1.07
2023-04-12,29886.4,30209.8,30473.0,29679.5,78.69,65.0,Greed,-1.07,1.68
2023-04-13,30387.4,29892.4,30524.1,29864.5,65.87,61.0,Greed,1.68,0.28
2023-04-14,30472.5,30387.4,30964.9,30026.0,98.38,68.0,Greed,0.28,-0.57
2023-04-15,30299.6,30472.6,30586.5,30208.8,31.71,68.0,Greed,-0.57,0.04
2023-04-16,30310.3,30299.2,30545.3,30134.6,34.48,68.0,Greed,0.04,-2.89
2023-04-17,29434.9,30310.8,30312.2,29274.0,71.9,69.0,Greed,-2.89,3.22
2023-04-18,30382.2,29434.1,30470.1,29149.2,76.58,58.0,Greed,3.22,-5.16
2023-04-19,28813.7,30382.2,30408.4,28641.1,111.27,63.0,Greed,-5.16,-1.99
2023-04-20,28240.5,28813.7,29082.1,28032.4,95.45,52.0,Neutral,-1.99,-3.46
2023-04-21,27264.8,28240.5,28353.4,27171.1,98.72,50.0,Neutral,-3.46,2.01
2023-04-22,27813.9,27264.8,27872.0,27165.7,44.3,53.0,Neutral,2.01,-0.8
2023-04-23,27591.4,27813.8,27815.0,27388.5,41.77,56.0,Greed,-0.8,-0.3
2023-04-24,27509.3,27591.4,27978.8,27054.3,66.74,53.0,Neutral,-0.3,2.87
2023-04-25,28298.8,27510.1,28375.6,27201.1,65.31,53.0,Neutral,2.87,0.44
2023-04-26,28424.6,28298.8,29995.7,27307.8,164.31,56.0,Greed,0.44,3.7
2023-04-27,29475.9,28424.5,29859.8,28392.4,121.63,59.0,Greed,3.7,-0.52
2023-04-28,29321.8,29475.9,29587.2,28927.8,69.88,64.0,Greed,-0.52,-0.3
2023-04-29,29234.1,29318.4,29425.5,29058.5,25.72,64.0,Greed,-0.3,0.06
2023-04-30,29252.1,29235.1,29941.3,29095.0,47.62,60.0,Greed,0.06,-4.02
2023-05-01,28077.6,29252.1,29329.6,27685.9,84.36,63.0,Greed,-4.02,2.11
2023-05-02,28669.1,28079.0,28877.4,27913.2,65.33,55.0,Greed,2.11,1.24
2023-05-03,29023.6,28669.1,29244.7,28164.4,81.22,64.0,Greed,1.24,-0.63
2023-05-04,28842.1,29023.6,29352.7,28687.4,53.8,64.0,Greed,-0.63,2.33
2023-05-05,29513.2,28842.2,29653.9,28825.3,74.52,61.0,Greed,2.33,-2.22
2023-05-06,28857.1,29512.8,29816.4,28414.9,58.94,60.0,Greed,-2.22,-1.5
2023-05-07,28424.8,28857.1,29122.0,28419.6,36.5,64.0,Greed,-1.5,-2.65
2023-05-08,27670.5,28424.8,28627.8,27280.3,85.72,60.0,Greed,-2.65,-0.13
2023-05-09,27634.9,27670.5,27816.0,27366.3,49.75,51.0,Neutral,-0.13,-0.11
2023-05-10,27603.3,27634.3,28311.7,26885.7,91.45,52.0,Neutral,-0.11,-2.25
2023-05-11,26983.5,27604.3,27607.4,26766.2,62.85,52.0,Neutral,-2.25,-0.68
2023-05-12,26799.2,26983.1,27044.0,25853.1,87.49,49.0,Neutral,-0.68,-0.08
2023-05-13,26777.5,26798.7,27011.9,26695.6,27.95,48.0,Neutral,-0.08,0.53
2023-05-14,26920.0,26777.4,27176.1,26609.9,26.35,48.0,Neutral,0.53,0.98
2023-05-15,27183.9,26920.4,27651.7,26752.1,53.27,50.0,Neutral,0.98,-0.55
2023-05-16,27035.3,27183.9,27295.3,26881.9,45.29,54.0,Neutral,-0.55,1.36
2023-05-17,27403.1,27035.5,27465.3,26597.7,58.14,50.0,Neutral,1.36,-2.1
2023-05-18,26828.0,27403.8,27467.0,26449.8,63.39,51.0,Neutral,-2.1,0.2
2023-05-19,26882.9,26828.2,27154.7,26711.3,36.67,48.0,Neutral,0.2,0.87
2023-05-20,27116.2,26883.0,27147.2,26831.3,17.72,48.0,Neutral,0.87,-1.35
2023-05-21,26749.9,27116.2,27257.1,26677.6,27.42,52.0,Neutral,-1.35,0.36
2023-05-22,26847.3,26749.9,27048.9,26546.1,35.56,49.0,Neutral,0.36,1.39
2023-05-23,27220.7,26851.6,27448.1,26804.1,50.89,50.0,Neutral,1.39,-3.28
2023-05-24,26328.4,27220.7,27220.7,26088.7,72.65,50.0,Neutral,-3.28,0.56
2023-05-25,26475.8,26327.1,26589.2,25892.5,50.17,51.0,Neutral,0.56,0.89
2023-05-26,26711.5,26475.5,26911.6,26330.0,45.88,49.0,Neutral,0.89,0.55
2023-05-27,26857.5,26711.2,26882.9,26591.2,18.68,48.0,Neutral,0.55,4.52
2023-05-28,28071.2,26855.3,28181.9,26788.5,55.23,50.0,Neutral,4.52,-1.18
2023-05-29,27739.4,28068.4,28431.2,27548.8,54.56,52.0,Neutral,-1.18,-0.15
2023-05-30,27698.2,27738.9,28033.6,27583.8,45.19,51.0,Neutral,-0.15,-1.74
2023-05-31,27216.1,27696.9,27825.0,26865.1,63.08,51.0,Neutral,-1.74,-1.46
2023-06-01,26819.0,27216.4,27340.9,26662.3,51.98,52.0,Neutral,-1.46,1.59
2023-06-02,27244.7,26819.0,27299.4,26541.3,49.37,50.0,Neutral,1.59,-0.63
2023-06-03,27072.0,27246.0,27317.5,26931.4,20.62,53.0,Neutral,-0.63,0.19
2023-06-04,27122.3,27070.9,27410.2,26956.1,23.81,52.0,Neutral,0.19,-5.07
2023-06-05,25747.4,27122.3,27125.5,25437.5,85.42,53.0,Neutral,-5.07,5.76
2023-06-06,27230.2,25745.6,27325.2,25425.6,88.61,44.0,Fear,5.76,-3.26
2023-06-07,26342.5,27230.2,27342.0,26141.0,77.48,53.0,Neutral,-3.26,0.6
2023-06-08,26501.1,26341.8,26784.4,26231.3,39.95,50.0,Neutral,0.6,-0.08
2023-06-09,26479.3,26501.1,26773.9,26326.7,38.96,50.0,Neutral,-0.08,-2.4
2023-06-10,25844.0,26479.3,26525.1,25468.3,83.57,49.0,Neutral,-2.4,0.33
2023-06-11,25928.4,25843.3,26190.1,25660.8,39.2,47.0,Neutral,0.33,-0.08
2023-06-12,25906.8,25927.9,26080.7,25635.0,40.75,47.0,Neutral,-0.08,0.09
2023-06-13,25929.4,25906.9,26428.9,25726.4,56.24,45.0,Fear,0.09,-3.08
2023-06-14,25129.5,25929.0,26051.7,24847.4,60.82,46.0,Fear,-3.08,1.84
2023-06-15,25591.3,25129.5,25732.8,24838.0,68.38,41.0,Fear,1.84,2.93
2023-06-16,26341.3,25591.9,26472.8,25276.0,69.24,47.0,Neutral,2.93,0.66
2023-06-17,26515.0,26341.3,26767.3,26183.5,35.86,47.0,Neutral,0.66,-0.66
2023-06-18,26339.7,26515.0,26679.3,26290.6,27.31,49.0,Neutral,-0.66,1.92
2023-06-19,26845.9,26339.7,27029.7,26295.1,46.45,47.0,Neutral,1.92,5.44
2023-06-20,28307.7,26845.9,28393.0,26665.5,100.55,49.0,Neutral,5.44,5.97
2023-06-21,29996.9,28307.7,30769.5,28270.5,143.49,59.0,Greed,5.97,-0.35
2023-06-22,29890.5,29992.8,30497.8,29590.4,79.22,65.0,Greed,-0.35,2.64
2023-06-23,30679.4,29890.2,31395.4,29822.6,98.85,65.0,Greed,2.64,-0.48
2023-06-24,30533.6,30680.7,30795.3,30269.4,38.15,62.0,Greed,-0.48,-0.22
2023-06-25,30465.3,30533.6,31040.2,30315.8,37.12,64.0,Greed,-0.22,-0.65
2023-06-26,30267.0,30466.3,30645.9,29986.3,58.71,55.0,Greed,-0.65,1.39
2023-06-27,30689.1,30267.0,30993.7,30231.3,55.82,59.0,Greed,1.39,-1.99
2023-06-28,30078.6,30691.9,30703.4,29919.5,51.06,62.0,Greed,-1.99,1.22
2023-06-29,30445.7,30077.3,30823.1,30051.3,49.57,54.0,Neutral,1.22,0.09
2023-06-30,30472.9,30445.7,31275.5,29714.5,118.65,56.0,Greed,0.09,0.37
2023-07-01,30586.8,30472.9,30649.9,30329.0,22.46,59.0,Greed,0.37,0.1
2023-07-02,30617.7,30587.1,30769.0,30227.9,28.82,63.0,Greed,0.1,1.74
2023-07-03,31151.3,30617.5,31377.0,30581.5,56.49,62.0,Greed,1.74,-1.23
2023-07-04,30768.4,31152.0,31326.5,30657.8,42.12,64.0,Greed,-1.23,-0.83
2023-07-05,30512.8,30768.6,30875.6,30233.3,43.23,61.0,Greed,-0.83,-1.97
2023-07-06,29913.1,30512.8,31463.6,29869.0,90.81,56.0,Greed,-1.97,1.45
2023-07-07,30346.4,29912.7,30442.0,29757.4,46.42,55.0,Greed,1.45,-0.19
2023-07-08,30288.8,30346.8,30379.9,30055.9,17.41,58.0,Greed,-0.19,-0.4
2023-07-09,30166.9,30288.8,30425.5,30071.9,20.05,55.0,Greed,-0.4,0.82
2023-07-10,30415.3,30166.9,31019.6,29969.1,55.24,56.0,Greed,0.82,0.68
2023-07-11,30623.3,30414.2,30782.2,30333.8,39.84,57.0,Greed,0.68,-0.77
2023-07-12,30387.3,30623.3,30951.3,30231.7,54.06,64.0,Greed,-0.77,3.55
2023-07-13,31466.1,30387.3,31764.5,30260.0,99.81,57.0,Greed,3.55,-3.65
2023-07-14,30317.4,31465.4,31602.6,29944.3,82.42,60.0,Greed,-3.65,-0.09
2023-07-15,30291.4,30316.8,30395.4,30246.9,17.06,56.0,Greed,-0.09,-0.18
2023-07-16,30235.5,30291.8,30435.0,30075.4,20.31,57.0,Greed,-0.18,-0.32
2023-07-17,30139.7,30235.5,30335.9,29693.3,42.84,54.0,Neutral,-0.32,-0.91
2023-07-18,29866.8,30139.7,30242.4,29624.6,42.4,56.0,Greed,-0.91,0.14
2023-07-19,29909.7,29866.7,30185.5,29789.3,34.96,50.0,Neutral,0.14,-0.36
2023-07-20,29801.0,29909.7,30408.0,29621.4,50.33,56.0,Greed,-0.36,0.34
2023-07-21,29903.1,29801.0,30058.9,29739.9,32.59,50.0,Neutral,0.34,-0.38
2023-07-22,29788.9,29904.5,29988.0,29657.3,18.47,52.0,Neutral,-0.38,1.0
2023-07-23,30085.9,29788.9,30337.0,29735.7,23.32,54.0,Neutral,1.0,-3.02
2023-07-24,29178.1,30085.9,30098.2,28890.7,55.73,55.0,Greed,-3.02,0.17
2023-07-25,29228.6,29178.3,29365.4,29058.7,29.05,50.0,Neutral,0.17,0.42
2023-07-26,29352.2,29228.8,29681.8,29109.7,44.33,51.0,Neutral,0.42,-0.44
2023-07-27,29222.7,29352.9,29568.8,29094.0,30.42,51.0,Neutral,-0.44,0.32
2023-07-28,29315.0,29222.7,29533.0,29125.1,31.42,52.0,Neutral,0.32,0.13
2023-07-29,29353.5,29315.0,29400.1,29256.9,13.9,52.0,Neutral,0.13,-0.24
2023-07-30,29281.7,29354.2,29446.6,29054.5,20.58,52.0,Neutral,-0.24,-0.17
2023-07-31,29232.4,29282.0,29502.3,29128.3,31.84,50.0,Neutral,-0.17,1.64
2023-08-01,29712.2,29232.3,29712.2,28611.0,64.01,53.0,Neutral,1.64,-1.81
2023-08-02,29173.7,29711.8,30025.9,28961.6,67.41,53.0,Neutral,-1.81,0.05
2023-08-03,29189.3,29180.9,29409.8,28981.0,36.08,52.0,Neutral,0.05,-0.29
2023-08-04,29105.5,29189.1,29319.1,28875.8,31.43,54.0,Neutral,-0.29,-0.13
2023-08-05,29068.1,29105.6,29139.3,28983.0,14.55,50.0,Neutral,-0.13,0.05
2023-08-06,29081.3,29067.9,29198.9,28987.4,16.03,49.0,Neutral,0.05,0.42
2023-08-07,29204.2,29081.3,29270.2,28721.0,41.19,49.0,Neutral,0.42,1.96
2023-08-08,29777.4,29204.2,30168.6,29137.7,62.57,54.0,Neutral,1.96,-0.67
2023-08-09,29578.0,29771.3,30104.0,29384.2,49.67,50.0,Neutral,-0.67,-0.44
2023-08-10,29449.0,29578.0,29719.4,29377.5,32.0,53.0,Neutral,-0.44,-0.1
2023-08-11,29420.8,29448.9,29544.9,29271.2,27.71,51.0,Neutral,-0.1,0.02
2023-08-12,29428.2,29420.8,29480.8,29375.4,11.07,54.0,Neutral,0.02,-0.44
2023-08-13,29300.1,29428.2,29468.5,29272.3,13.49,54.0,Neutral,-0.44,0.43
2023-08-14,29426.7,29300.1,29689.0,29116.0,39.3,50.0,Neutral,0.43,-0.79
2023-08-15,29195.3,29426.7,29472.0,29118.6,33.81,53.0,Neutral,-0.79,-1.61
2023-08-16,28726.3,29195.3,29251.1,28717.6,43.71,52.0,Neutral,-1.61,-7.28
2023-08-17,26635.7,28726.1,28771.8,25489.4,132.92,50.0,Neutral,-7.28,-2.19
2023-08-18,26053.2,26635.7,26801.9,25691.0,93.05,37.0,Fear,-2.19,0.18
2023-08-19,26099.4,26053.3,26262.2,25799.5,33.04,39.0,Fear,0.18,0.35
2023-08-20,26190.8,26099.5,26269.1,25998.5,24.0,37.0,Fear,0.35,-0.25
2023-08-21,26126.0,26190.8,26220.9,25850.8,41.1,38.0,Fear,-0.25,-0.33
2023-08-22,26039.9,26126.8,26138.8,25481.9,47.72,37.0,Fear,-0.33,1.52
2023-08-23,26436.2,26042.0,26807.7,25812.6,60.96,37.0,Fear,1.52,-0.98
2023-08-24,26177.0,26436.2,26560.5,25943.6,41.04,41.0,Fear,-0.98,-0.46
2023-08-25,26057.2,26176.1,26265.7,25811.6,39.96,39.0,Fear,-0.46,-0.15
2023-08-26,26017.1,26057.2,26114.1,25993.5,12.09,38.0,Fear,-0.15,0.32
2023-08-27,26100.6,26017.1,26176.8,25968.7,14.29,38.0,Fear,0.32,0.07
2023-08-28,26118.9,26100.6,26215.7,25891.0,28.84,39.0,Fear,0.07,6.14
2023-08-29,27723.9,26118.1,28046.0,25919.8,98.32,39.0,Fear,6.14,-1.53
2023-08-30,27298.8,27723.9,27757.3,27043.2,46.54,49.0,Neutral,-1.53,-4.99
2023-08-31,25937.3,27300.6,27464.5,25731.0,69.11,52.0,Neutral,-4.99,-0.52
2023-09-01,25803.2,25938.3,26144.9,25361.9,58.08,40.0,Fear,-0.52,0.26
2023-09-02,25869.7,25803.5,25977.4,25752.7,21.24,39.0,Fear,0.26,0.39
2023-09-03,25971.0,25869.7,26090.4,25816.6,21.36,40.0,Fear,0.39,-0.57
2023-09-04,25823.3,25971.0,26094.2,25660.9,27.13,40.0,Fear,-0.57,-0.13
2023-09-05,25790.2,25824.4,25864.0,25596.3,28.4,40.0,Fear,-0.13,-0.13
2023-09-06,25758.0,25790.1,26018.4,25411.7,37.78,42.0,Fear,-0.13,1.91
2023-09-07,26249.8,25758.0,26417.7,25626.5,39.77,41.0,Fear,1.91,-1.3
2023-09-08,25909.5,26248.5,26415.4,25701.6,41.01,46.0,Fear,-1.3,-0.03
2023-09-09,25901.1,25909.5,25938.5,25814.3,13.48,41.0,Fear,-0.03,-0.24
2023-09-10,25840.2,25901.1,25995.1,25626.7,23.6,40.0,Fear,-0.24,-2.61
2023-09-11,25166.4,25840.2,25897.4,24923.1,56.32,40.0,Fear,-2.61,2.65
2023-09-12,25834.5,25166.4,26472.6,25133.5,78.71,30.0,Fear,2.65,1.5
2023-09-13,26223.0,25836.1,26382.3,25766.9,42.58,41.0,Fear,1.5,1.15
2023-09-14,26524.7,26223.0,26760.3,26148.6,53.82,45.0,Fear,1.15,0.29
2023-09-15,26601.0,26523.3,26837.4,26233.1,36.47,45.0,Fear,0.29,-0.15
2023-09-16,26562.0,26599.9,26769.0,26463.5,18.45,43.0,Fear,-0.15,-0.12
2023-09-17,26529.1,26562.0,26614.4,26408.7,16.57,46.0,Fear,-0.12,0.88
2023-09-18,26763.5,26530.3,27413.3,26405.2,63.35,46.0,Fear,0.88,1.67
2023-09-19,27209.2,26759.0,27480.7,26672.2,52.17,46.0,Fear,1.67,-0.31
2023-09-20,27125.0,27209.2,27378.6,26851.8,47.23,47.0,Neutral,-0.31,-2.05
2023-09-21,26570.0,27125.2,27155.6,26382.3,47.81,47.0,Neutral,-2.05,0.04
2023-09-22,26581.9,26569.5,26736.4,26488.5,28.79,43.0,Fear,0.04,-0.01
2023-09-23,26579.2,26581.7,26636.2,26517.5,12.92,47.0,Neutral,-0.01,-1.23
2023-09-24,26251.5,26579.0,26727.6,26162.2,22.32,44.0,Fear,-1.23,0.2
2023-09-25,26302.7,26251.6,26423.6,26013.6,38.2,47.0,Neutral,0.2,-0.32
2023-09-26,26218.9,26303.1,26396.2,26093.4,26.41,46.0,Fear,-0.32,0.56
2023-09-27,26366.1,26218.9,26836.9,26109.1,50.8,44.0,Fear,0.56,2.49
2023-09-28,27022.6,26368.2,27283.6,26339.4,64.56,46.0,Fear,2.49,-0.42
2023-09-29,26909.8,27022.6,27229.5,26728.8,42.24,48.0,Neutral,-0.42,0.2
2023-09-30,26962.7,26908.1,27085.7,26887.5,17.55,47.0,Neutral,0.2,3.75
2023-10-01,27974.5,26962.5,28038.4,26955.7,35.11,48.0,Neutral,3.75,-1.68
2023-10-02,27505.3,27974.6,28556.6,27325.2,84.3,50.0,Neutral,-1.68,-0.28
2023-10-03,27428.4,27501.6,27670.8,27194.1,44.06,50.0,Neutral,-0.28,1.32
2023-10-04,27790.9,27428.7,27832.7,27242.5,40.93,49.0,Neutral,1.32,-1.37
2023-10-05,27410.3,27783.5,28089.1,27371.7,46.26,48.0,Neutral,-1.37,1.92
2023-10-06,27936.9,27410.3,28223.6,27195.7,52.51,50.0,Neutral,1.92,0.09
2023-10-07,27961.1,27935.5,28021.3,27859.0,17.29,49.0,Neutral,0.09,-0.14
2023-10-08,27922.7,27961.1,28097.5,27714.4,24.11,50.0,Neutral,-0.14,-1.22
2023-10-09,27581.4,27922.7,27986.4,27279.5,44.81,50.0,Neutral,-1.22,-0.69
2023-10-10,27391.0,27581.5,27728.1,27300.1,34.32,50.0,Neutral,-0.69,-1.88
2023-10-11,26876.6,27391.9,27475.9,26558.4,55.78,47.0,Neutral,-1.88,-0.43
2023-10-12,26761.1,26878.2,26942.8,26565.3,32.75,45.0,Fear,-0.43,0.38
2023-10-13,26863.5,26761.1,27114.8,26682.9,33.66,44.0,Fear,0.38,-0.04
2023-10-14,26852.8,26863.5,26975.7,26805.1,13.56,47.0,Neutral,-0.04,1.15
2023-10-15,27161.2,26852.8,27286.9,26812.6,21.95,45.0,Fear,1.15,4.96
2023-10-16,28509.7,27161.2,29969.5,27119.7,119.18,47.0,Neutral,4.96,-0.37
2023-10-17,28403.6,28508.3,28608.5,28096.9,53.42,52.0,Neutral,-0.37,-0.29
2023-10-18,28321.7,28405.2,28876.0,28169.0,45.01,50.0,Neutral,-0.29,1.42
2023-10-19,28723.0,28321.8,28883.8,28170.2,50.1,52.0,Neutral,1.42,3.31
2023-10-20,29674.5,28724.0,30165.9,28586.1,82.68,53.0,Neutral,3.31,0.8
2023-10-21,29912.9,29674.7,30264.8,29469.1,34.68,63.0,Greed,0.8,0.24
2023-10-22,29984.2,29912.7,30193.4,29713.6,29.07,53.0,Neutral,0.24,10.2
2023-10-23,33041.8,29984.2,34375.6,29891.4,133.46,53.0,Neutral,10.2,2.65
2023-10-24,33917.0,33037.3,35191.4,32866.5,159.08,66.0,Greed,2.65,1.71
2023-10-25,34496.8,33917.0,35123.9,33713.4,75.81,72.0,Greed,1.71,-0.99
2023-10-26,34153.7,34497.6,34826.0,33749.9,56.62,71.0,Greed,-0.99,-0.74
2023-10-27,33901.8,34153.7,34245.8,33423.6,47.33,70.0,Greed,-0.74,0.53
2023-10-28,34082.6,33901.6,34387.8,33867.3,22.0,65.0,Greed,0.53,1.3
2023-10-29,34526.7,34082.6,34737.9,33937.6,27.72,72.0,Greed,1.3,-0.14
2023-10-30,34477.9,34526.7,34853.3,34089.5,45.2,68.0,Greed,-0.14,0.5
2023-10-31,34650.6,34478.9,34704.6,34053.9,43.4,66.0,Greed,0.5,2.23
2023-11-01,35423.8,34648.3,35557.5,34138.7,71.66,66.0,Greed,2.23,-1.39
2023-11-02,34931.4,35423.8,35907.6,34357.4,63.66,72.0,Greed,-1.39,-0.61
2023-11-03,34718.7,34931.4,34940.6,34124.2,54.54,65.0,Greed,-0.61,1.0
2023-11-04,35065.8,34718.6,35242.2,34601.1,23.8,68.0,Greed,1.0,-0.13
2023-11-05,35019.4,35065.8,35360.2,34550.0,31.02,70.0,Greed,-0.13,0.06
2023-11-06,35042.0,35020.3,35275.6,34742.9,29.81,74.0,Greed,0.06,1.1
2023-11-07,35426.1,35042.1,35877.9,34536.9,53.49,68.0,Greed,1.1,0.6
2023-11-08,35636.9,35426.2,36050.2,35148.8,46.33,66.0,Greed,0.6,2.98
2023-11-09,36700.5,35636.9,37942.0,35578.1,115.56,69.0,Greed,2.98,1.64
2023-11-10,37303.0,36700.5,37496.1,36347.2,59.56,70.0,Greed,1.64,-0.41
2023-11-11,37150.5,37306.3,37401.3,36767.6,29.53,70.0,Greed,-0.41,-0.23
2023-11-12,37064.4,37149.0,37215.3,36761.9,21.45,73.0,Greed,-0.23,-1.58
2023-11-13,36478.3,37067.8,37404.6,36358.4,44.55,72.0,Greed,-1.58,-2.55
2023-11-14,35549.3,36478.3,36744.5,34984.3,63.56,69.0,Greed,-2.55,6.54
2023-11-15,37874.9,35549.3,37954.1,35379.6,75.51,60.0,Greed,6.54,-4.52
2023-11-16,36161.2,37873.9,37907.6,35561.6,66.92,70.0,Greed,-4.52,1.2
2023-11-17,36595.4,36161.8,36690.6,35875.2,51.37,63.0,Greed,1.2,-0.07
2023-11-18,36568.6,36617.5,36845.2,36220.6,20.88,69.0,Greed,-0.07,2.15
2023-11-19,37354.2,36568.6,37504.6,36393.3,26.14,66.0,Greed,2.15,0.27
2023-11-20,37454.1,37356.6,37735.6,36857.6,51.8,69.0,Greed,0.27,-4.38
2023-11-21,35813.6,37452.7,37631.2,35799.2,71.07,71.0,Greed,-4.38,4.46
2023-11-22,37410.8,35797.5,37862.5,35695.6,64.81,62.0,Greed,4.46,-0.31
2023-11-23,37293.1,37410.8,37642.5,36915.3,32.35,66.0,Greed,-0.31,1.14
2023-11-24,37717.3,37295.0,38400.8,37257.4,65.83,66.0,Greed,1.14,0.18
2023-11-25,37787.0,37718.6,37887.4,37599.9,16.09,73.0,Greed,0.18,-0.89
2023-11-26,37451.8,37786.4,37819.1,37166.3,29.2,73.0,Greed,-0.89,-0.54
2023-11-27,37248.6,37451.8,37563.3,36751.5,45.24,66.0,Greed,-0.54,1.54
2023-11-28,37823.3,37244.3,38379.4,36881.1,57.5,68.0,Greed,1.54,0.09
2023-11-29,37855.5,37823.3,38362.9,37607.6,49.34,72.0,Greed,0.09,-0.38
2023-11-30,37712.9,37857.6,38144.4,37509.2,33.53,74.0,Greed,-0.38,2.59
2023-12-01,38688.2,37712.9,38950.8,37618.3,62.5,71.0,Greed,2.59,1.99
2023-12-02,39458.4,38688.2,39673.4,38646.5,37.09,74.0,Greed,1.99,1.3
2023-12-03,39970.2,39456.8,40178.9,39280.3,35.27,73.0,Greed,1.3,5.05
2023-12-04,41987.8,39968.6,42394.4,39968.6,104.21,74.0,Greed,5.05,4.97
2023-12-05,44076.2,41989.6,44424.1,41424.9,96.84,75.0,Greed,4.97,-0.68
2023-12-06,43776.3,44076.2,44283.7,43466.7,72.52,72.0,Greed,-0.68,-1.11
2023-12-07,43289.7,43774.4,44046.4,42860.5,63.09,72.0,Greed,-1.11,2.05
2023-12-08,44175.5,43288.3,44697.6,43108.4,58.44,72.0,Greed,2.05,-1.03
2023-12-09,43718.4,44175.5,44361.2,43617.4,31.67,73.0,Greed,-1.03,0.17
2023-12-10,43791.0,43716.6,44045.4,43576.8,23.81,74.0,Greed,0.17,-5.79
2023-12-11,41256.1,43791.0,43806.3,40277.1,105.19,74.0,Greed,-5.79,0.56
2023-12-12,41487.0,41256.1,42070.9,40691.5,57.04,67.0,Greed,0.56,3.37
2023-12-13,42884.5,41487.0,43417.5,40649.3,63.11,65.0,Greed,3.37,0.33
2023-12-14,43025.9,42886.3,43392.7,41591.2,59.15,72.0,Greed,0.33,-2.55
2023-12-15,41929.0,43025.2,43080.7,41697.9,45.28,70.0,Greed,-2.55,0.82
2023-12-16,42271.7,41929.0,42690.3,41698.2,30.11,67.0,Greed,0.82,-2.14
2023-12-17,41368.7,42271.7,42413.2,41276.9,35.46,73.0,Greed,-2.14,3.12
2023-12-18,42659.7,41369.1,42728.0,40554.0,61.58,65.0,Greed,3.12,-0.94
2023-12-19,42259.3,42659.7,43473.3,41842.7,55.29,73.0,Greed,-0.94,3.32
2023-12-20,43662.8,42259.5,44278.7,42217.2,70.19,74.0,Greed,3.32,0.47
2023-12-21,43865.9,43660.3,44241.8,43310.2,48.96,70.0,Greed,0.47,0.23
2023-12-22,43968.9,43865.9,44394.6,43419.3,44.5,74.0,Greed,0.23,-0.59
2023-12-23,43710.4,43968.9,43994.6,43325.7,21.29,70.0,Greed,-0.59,-1.67
2023-12-24,42981.5,43710.4,43935.7,42748.5,30.86,71.0,Greed,-1.67,1.39
2023-12-25,43578.5,42982.0,43792.7,42745.3,32.67,73.0,Greed,1.39,-2.44
2023-12-26,42513.3,43579.9,43594.9,41796.6,56.03,71.0,Greed,-2.44,2.2
2023-12-27,43446.5,42514.3,43676.7,42115.3,50.1,73.0,Greed,2.2,-1.99
2023-12-28,42581.1,43446.5,43782.6,42309.3,49.84,73.0,Greed,-1.99,-1.19
2023-12-29,42072.4,42581.1,43108.0,41459.0,60.98,65.0,Greed,-1.19,0.15
2023-12-30,42136.7,42074.7,42592.2,41527.3,35.18,68.0,Greed,0.15,0.32
2023-12-31,42272.5,42141.6,42878.8,41971.4,35.58,67.0,Greed,0.32,4.52
2024-01-01,44183.4,42272.5,44187.0,42196.7,36.3,65.0,Greed,4.52,1.72
2024-01-02,44943.7,44182.9,45885.4,44166.0,97.84,71.0,Greed,1.72,-4.69
2024-01-03,42836.1,44943.7,45492.7,40888.3,117.65,70.0,Greed,-4.69,3.08
2024-01-04,44157.0,42836.1,44744.5,42632.8,68.05,68.0,Greed,3.08,0.0
2024-01-05,44156.9,44163.0,44312.1,42629.0,68.07,72.0,Greed,0.0,-0.43
2024-01-06,43967.9,44156.6,44203.2,43424.0,24.26,70.0,Greed,-0.43,-0.09
2024-01-07,43927.3,43973.5,44481.2,43627.9,29.53,71.0,Greed,-0.09,6.91
2024-01-08,46962.2,43934.2,47196.7,43251.0,103.09,71.0,Greed,6.91,-1.77
2024-01-09,46129.0,46959.2,47880.1,45333.9,100.09,76.0,Extreme Greed,-1.77,1.08
2024-01-10,46629.3,46112.0,47654.3,44403.6,131.48,73.0,Greed,1.08,-0.6
2024-01-11,46348.2,46629.3,48923.7,45651.8,131.04,76.0,Extreme Greed,-0.6,-7.58
2024-01-12,42835.9,46348.1,46503.2,41857.9,136.92,71.0,Greed,-7.58,0.04
2024-01-13,42851.3,42836.7,43248.6,42443.3,48.18,64.0,Greed,0.04,-2.58
2024-01-14,41746.1,42851.3,43069.4,41739.6,37.14,60.0,Greed,-2.58,1.83
2024-01-15,42510.7,41747.6,43348.9,41719.2,52.08,52.0,Neutral,1.83,1.49
2024-01-16,43145.5,42515.2,43563.7,42093.1,63.93,64.0,Greed,1.49,-0.87
2024-01-17,42768.7,43139.1,43192.3,42211.8,50.44,60.0,Greed,-0.87,-3.45
2024-01-18,41292.7,42763.5,42908.0,40682.6,70.35,63.0,Greed,-3.45,0.86
2024-01-19,41648.0,41293.8,42164.6,40305.4,72.64,51.0,Neutral,0.86,0.11
2024-01-20,41695.4,41647.6,41858.0,41449.5,22.27,52.0,Neutral,0.11,-0.27
2024-01-21,41583.2,41695.4,41878.0,41504.5,16.11,56.0,Greed,-0.27,-4.87
2024-01-22,39556.4,41581.7,41684.9,39468.4,85.1,55.0,Greed,-4.87,0.84
2024-01-23,39888.8,39555.0,40159.4,38546.9,82.67,50.0,Neutral,0.84,0.49
2024-01-24,40086.0,39891.3,40535.2,39510.0,58.64,48.0,Neutral,0.49,-0.37
2024-01-25,39935.7,40085.1,40285.8,39546.3,46.3,52.0,Neutral,-0.37,4.7
2024-01-26,41811.3,39942.0,42214.8,39831.2,69.47,49.0,Neutral,4.7,0.74
2024-01-27,42120.9,41811.5,42191.8,41413.0,20.46,55.0,Greed,0.74,-0.21
2024-01-28,42030.7,42121.3,42817.1,41649.0,32.53,54.0,Neutral,-0.21,3.02
2024-01-29,43299.8,42031.4,43305.6,41824.7,45.23,55.0,Greed,3.02,-0.82
2024-01-30,42946.2,43303.3,43817.9,42702.9,55.13,61.0,Greed,-0.82,-0.85
2024-01-31,42580.5,42946.2,43739.7,42315.4,56.48,60.0,Greed,-0.85,1.18
2024-02-01,43081.4,42580.1,43263.1,41890.5,47.69,63.0,Greed,1.18,0.26
2024-02-02,43194.7,43083.7,43459.3,42596.3,42.65,63.0,Greed,0.26,-0.44
2024-02-03,43005.7,43194.7,43370.4,42882.0,14.57,60.0,Greed,-0.44,-0.99
2024-02-04,42581.4,43006.2,43113.2,42379.4,20.33,60.0,Greed,-0.99,0.27
2024-02-05,42697.2,42581.4,43532.2,42272.5,39.26,60.0,Greed,0.27,0.91
2024-02-06,43087.7,42697.6,43375.5,42566.8,33.32,64.0,Greed,0.91,2.91
2024-02-07,44339.8,43088.4,44367.9,42783.5,48.57,62.0,Greed,2.91,2.15
2024-02-08,45293.3,44346.2,45579.2,44336.4,66.38,66.0,Greed,2.15,4.05
2024-02-09,47127.5,45293.3,48118.8,45254.2,98.11,72.0,Greed,4.05,1.34
2024-02-10,47758.2,47128.0,48149.0,46875.0,31.2,74.0,Greed,1.34,1.09
2024-02-11,48277.3,47759.3,48531.6,47590.2,36.5,71.0,Greed,1.09,3.45
2024-02-12,49941.3,48280.2,50277.3,47729.9,81.85,70.0,Greed,3.45,-0.45
2024-02-13,49716.0,49941.0,50326.6,48398.3,78.51,79.0,Extreme Greed,-0.45,4.16
2024-02-14,51782.4,49708.6,52010.7,49263.8,80.35,74.0,Greed,4.16,0.23
2024-02-15,51901.3,51805.2,52819.4,51327.5,74.72,72.0,Greed,0.23,0.45
2024-02-16,52134.2,51901.4,52556.7,51612.6,52.86,72.0,Greed,0.45,-0.94
2024-02-17,51646.0,52134.2,52175.5,50652.3,32.45,76.0,Extreme Greed,-0.94,0.91
2024-02-18,52117.5,51646.0,52350.3,51199.6,26.89,72.0,Greed,0.91,-0.64
2024-02-19,51783.6,52119.6,52484.8,51694.2,36.73,75.0,Greed,-0.64,0.93
2024-02-20,52263.5,51783.1,52936.8,50801.8,68.1,72.0,Greed,0.93,-0.78
2024-02-21,51858.2,52263.5,52367.3,50676.9,59.02,78.0,Extreme Greed,-0.78,-1.04
2024-02-22,51320.4,51850.2,52015.8,50947.3,50.27,74.0,Greed,-1.04,-1.13
2024-02-23,50740.5,51320.6,51532.5,50537.6,43.27,76.0,Extreme Greed,-1.13,1.64
2024-02-24,51571.6,50739.6,51689.9,50592.0,20.99,72.0,Greed,1.64,0.29
2024-02-25,51722.7,51572.1,51952.0,51299.0,23.61,74.0,Greed,0.29,5.36
2024-02-26,54495.1,51722.7,54899.1,50925.2,78.05,72.0,Greed,5.36,4.7
2024-02-27,57056.2,54491.1,57555.2,54464.0,100.48,79.0,Extreme Greed,4.7,9.48
2024-02-28,62467.6,57048.7,63915.3,56704.9,173.64,82.0,Extreme Greed,9.48,-2.08
2024-02-29,61169.3,62467.1,63653.4,60512.5,119.29,80.0,Extreme Greed,-2.08,2.01
2024-03-01,62397.7,61157.3,63147.3,60790.9,74.96,80.0,Extreme Greed,2.01,-0.65
2024-03-02,61994.5,62397.7,62446.3,61621.9,33.8,80.0,Extreme Greed,-0.65,1.84
2024-03-03,63135.8,61955.6,63227.3,61399.4,38.01,83.0,Extreme Greed,1.84,8.13
2024-03-04,68270.1,63135.8,68495.1,62746.8,130.86,82.0,Extreme Greed,8.13,-6.56
2024-03-05,63792.6,68273.1,69063.1,60138.2,207.6,90.0,Extreme Greed,-6.56,3.59
2024-03-06,66080.4,63794.7,67604.9,62848.7,117.91,75.0,Greed,3.59,1.17
2024-03-07,66855.3,66074.6,67985.5,65602.6,77.47,82.0,Extreme Greed,1.17,1.97
2024-03-08,68172.0,66854.4,69904.0,66170.7,112.67,81.0,Extreme Greed,1.97,0.29
2024-03-09,68366.5,68178.5,68576.9,67923.9,30.71,84.0,Extreme Greed,0.29,0.88
2024-03-10,68964.8,68360.7,69905.3,68165.0,53.49,79.0,Extreme Greed,0.88,4.54
2024-03-11,72099.1,68964.7,72771.5,67452.8,114.72,82.0,Extreme Greed,4.54,-0.87
2024-03-12,71470.2,72099.1,72916.7,68845.6,105.09,81.0,Extreme Greed,-0.87,2.23
2024-03-13,73066.3,71461.9,73623.5,71338.4,77.18,81.0,Extreme Greed,2.23,-2.3
2024-03-14,71387.5,73066.7,73740.9,68717.2,109.43,88.0,Extreme Greed,-2.3,-2.69
2024-03-15,69463.7,71387.1,72398.1,65765.6,148.59,83.0,Extreme Greed,-2.69,-5.97
2024-03-16,65314.2,69456.5,70037.0,64971.0,75.82,81.0,Extreme Greed,-5.97,4.71
2024-03-17,68391.2,65314.2,68857.7,64605.5,66.07,79.0,Extreme Greed,4.71,-1.17
2024-03-18,67594.1,68389.7,68920.1,66601.4,78.07,77.0,Extreme Greed,-1.17,-8.2
2024-03-19,62050.0,67594.1,68099.6,61560.6,148.08,79.0,Extreme Greed,-8.2,9.35
2024-03-20,67854.0,62046.8,68029.5,60850.9,133.53,74.0,Greed,9.35,-3.46
2024-03-21,65503.8,67860.0,68161.7,64616.1,75.26,78.0,Extreme Greed,-3.46,-2.62
2024-03-22,63785.5,65501.5,66633.3,62328.3,72.43,75.0,Greed,-2.62,0.4
2024-03-23,64037.8,63785.6,65972.4,63074.9,35.11,73.0,Greed,0.4,4.96
2024-03-24,67211.9,64036.5,67587.8,63812.9,65.59,74.0,Greed,4.96,3.99
2024-03-25,69892.0,67216.4,71118.8,66395.0,124.72,75.0,Greed,3.99,0.15
2024-03-26,69999.3,69896.3,71490.7,69366.4,90.98,81.0,Extreme Greed,0.15,-0.8
2024-03-27,69442.4,69999.2,71670.8,68428.6,112.88,83.0,Extreme Greed,-0.8,1.9
2024-03-28,70762.1,69449.4,71542.5,68956.9,72.49,80.0,Extreme Greed,1.9,-1.26
2024-03-29,69871.7,70766.7,70907.0,69090.9,58.99,79.0,Extreme Greed,-1.26,-0.37
2024-03-30,69611.5,69872.3,70321.2,69564.9,29.87,75.0,Greed,-0.37,2.47
2024-03-31,71332.0,69608.5,71367.5,69576.6,42.45,75.0,Greed,2.47,-2.34
2024-04-01,69664.4,71329.3,71329.3,68175.9,94.05,79.0,Extreme Greed,-2.34,-6.07
2024-04-02,65439.2,69662.7,69673.0,64628.4,152.87,79.0,Extreme Greed,-6.07,0.8
2024-04-03,65963.0,65443.6,66844.8,64559.0,88.46,71.0,Greed,0.8,3.84
2024-04-04,68496.5,65968.4,69238.8,65096.3,100.3,70.0,Greed,3.84,-0.97
2024-04-05,67830.6,68498.7,68692.2,66023.3,88.97,79.0,Extreme Greed,-0.97,1.56
2024-04-06,68890.6,67830.5,69632.0,67467.2,41.48,75.0,Greed,1.56,0.68
2024-04-07,69360.4,68897.3,70285.8,68849.4,46.99,78.0,Extreme Greed,0.68,3.27
2024-04-08,71630.1,69358.0,72710.8,69110.5,105.78,76.0,Extreme Greed,3.27,-3.47
2024-04-09,69148.0,71627.3,71737.2,68264.6,93.69,80.0,Extreme Greed,-3.47,2.13
2024-04-10,70622.1,69147.8,71086.9,67570.0,97.71,78.0,Extreme Greed,2.13,-0.86
2024-04-11,70011.6,70620.4,71249.2,69586.1,72.51,76.0,Extreme Greed,-0.86,-4.08
2024-04-12,67151.9,70014.9,71226.9,65829.3,131.84,79.0,Extreme Greed,-4.08,-4.92
2024-04-13,63849.9,67137.4,67921.0,61065.5,149.48,72.0,Greed,-4.92,2.89
2024-04-14,65697.4,63909.5,65758.2,62174.7,134.4,72.0,Greed,2.89,-3.48
2024-04-15,63411.9,65696.6,66805.1,62379.5,118.79,74.0,Greed,-3.48,0.62
2024-04-16,63805.3,63416.1,64274.4,61715.6,114.96,65.0,Greed,0.62,-3.96
2024-04-17,61278.9,63802.3,64451.5,59820.8,118.92,67.0,Greed,-3.96,3.59
2024-04-18,63481.4,61278.9,64092.4,60822.3,97.38,57.0,Greed,3.59,0.5
2024-04-19,63799.1,63480.5,65441.2,59693.3,150.34,66.0,Greed,0.5,1.82
2024-04-20,64961.1,63817.6,65375.6,63131.7,49.33,66.0,Greed,1.82,-0.03
2024-04-21,64940.2,64942.1,65680.6,64267.5,42.02,72.0,Greed,-0.03,2.91
2024-04-22,66829.3,64940.1,67208.0,64527.5,72.3,73.0,Greed,2.91,-0.62
2024-04-23,66415.0,66829.5,67180.0,65848.3,52.42,71.0,Greed,-0.62,-3.21
2024-04-24,64285.7,66414.9,67060.5,63606.9,77.83,72.0,Greed,-3.21,0.33
2024-04-25,64497.1,64287.1,65247.5,62889.2,80.77,72.0,Greed,0.33,-1.13
2024-04-26,63766.4,64497.1,64771.3,63354.9,61.6,70.0,Greed,-1.13,-0.49
2024-04-27,63456.8,63765.8,63916.7,62507.7,45.34,67.0,Greed,-0.49,-0.55
2024-04-28,63109.7,63457.9,64346.1,62827.8,36.65,65.0,Greed,-0.55,1.19
2024-04-29,63860.1,63113.7,64193.1,61837.2,67.26,67.0,Greed,1.19,-5.0
2024-04-30,60666.6,63852.4,64700.2,59228.7,121.04,67.0,Greed,-5.0,-3.85
2024-05-01,58331.2,60665.0,60827.5,56643.5,171.55,54.0,Neutral,-3.85,1.35
2024-05-02,59121.3,58334.9,59548.0,56989.8,98.06,43.0,Fear,1.35,6.35
2024-05-03,62877.5,59104.3,63298.4,58830.8,100.46,48.0,Neutral,6.35,1.61
2024-05-04,63888.3,62887.1,64466.0,62599.1,53.03,67.0,Greed,1.61,0.18
2024-05-05,64006.4,63897.7,64587.2,62923.9,40.51,69.0,Greed,0.18,-1.32
2024-05-06,63163.1,64005.8,65448.8,62730.7,77.68,71.0,Greed,-1.32,-1.34
2024-05-07,62317.7,63163.1,64361.0,62294.1,59.74,68.0,Greed,-1.34,-1.78
2024-05-08,61207.5,62304.9,62997.4,60894.2,56.47,64.0,Greed,-1.78,3.05
2024-05-09,63075.0,61207.3,63413.3,60671.4,64.22,55.0,Greed,3.05,-3.61
2024-05-10,60796.9,63074.3,63454.3,60251.8,79.33,66.0,Greed,-3.61,0.05
2024-05-11,60826.6,60796.8,61487.5,60499.3,27.5,53.0,Neutral,0.05,1.07
2024-05-12,61480.0,60826.6,61847.7,60647.1,27.4,56.0,Greed,1.07,2.37
2024-05-13,62937.2,61480.5,63443.2,60779.0,70.55,57.0,Greed,2.37,-2.17
2024-05-14,61569.4,62936.8,63102.6,61156.9,68.84,66.0,Greed,-2.17,7.56
2024-05-15,66225.1,61569.4,66417.1,61357.5,106.05,64.0,Greed,7.56,-1.5
2024-05-16,65231.0,66219.6,66643.9,64623.3,72.55,70.0,Greed,-1.5,2.77
2024-05-17,67036.8,65231.1,67420.7,65121.7,63.09,74.0,Greed,2.77,-0.18
2024-05-18,66917.5,67036.6,67361.4,66636.1,29.68,73.0,Greed,-0.18,-0.95
2024-05-19,66279.1,66919.0,67662.5,65937.3,36.19,72.0,Greed,-0.95,7.76
2024-05-20,71422.7,66278.3,71482.8,66076.5,112.66,70.0,Greed,7.76,-1.8
2024-05-21,70139.9,71430.5,71872.0,69181.7,108.56,76.0,Extreme Greed,-1.8,-1.4
2024-05-22,69155.4,70141.0,70593.4,69024.3,65.08,76.0,Extreme Greed,-1.4,-1.71
2024-05-23,67975.7,69166.3,70041.0,66578.1,89.45,76.0,Extreme Greed,-1.71,0.84
2024-05-24,68547.6,67971.1,69212.0,66685.8,63.28,74.0,Greed,0.84,1.07
2024-05-25,69284.4,68548.2,69558.8,68516.1,25.17,76.0,Extreme Greed,1.07,-1.11
2024-05-26,68514.8,69287.2,69494.0,68294.5,24.58,75.0,Greed,-1.11,1.33
2024-05-27,69428.7,68514.6,70638.3,68275.2,49.07,74.0,Greed,1.33,-1.53
2024-05-28,68366.0,69428.3,69560.7,67299.9,71.39,72.0,Greed,-1.53,-1.07
2024-05-29,67635.8,68366.2,68897.6,67143.2,52.13,72.0,Greed,-1.07,1.06
2024-05-30,68354.7,67631.3,69504.7,67138.4,66.84,73.0,Greed,1.06,-1.21
2024-05-31,67530.1,68352.3,69018.2,66676.8,61.51,73.0,Greed,-1.21,0.34
2024-06-01,67760.8,67533.9,67861.0,67449.6,19.01,72.0,Greed,0.34,0.02
2024-06-02,67773.5,67760.8,68447.5,67330.6,30.63,73.0,Greed,0.02,1.53
2024-06-03,68807.8,67763.3,70131.0,67616.8,69.42,73.0,Greed,1.53,2.53
2024-06-04,70549.2,68808.0,71034.2,68564.3,75.69,73.0,Greed,2.53,0.76
2024-06-05,71083.7,70550.9,71744.4,70397.1,67.06,75.0,Greed,0.76,-0.41
2024-06-06,70791.5,71083.6,71616.1,70178.7,49.79,78.0,Extreme Greed,-0.41,-2.04
2024-06-07,69347.9,70793.4,71956.5,68620.7,82.62,77.0,Extreme Greed,-2.04,-0.05
2024-06-08,69310.1,69347.0,69572.1,69222.4,23.03,72.0,Greed,-0.05,0.49
2024-06-09,69650.6,69310.5,69847.8,69136.7,20.99,75.0,Greed,0.49,-0.16
2024-06-10,69538.2,69650.2,70152.5,69259.9,39.12,72.0,Greed,-0.16,-3.19
2024-06-11,67319.8,69537.9,69573.3,66197.8,96.7,74.0,Greed,-3.19,1.4
2024-06-12,68260.1,67320.9,69990.8,66911.5,85.55,72.0,Greed,1.4,-2.18
2024-06-13,66773.1,68260.6,68384.6,66324.3,66.36,70.0,Greed,-2.18,-1.11
2024-06-14,66034.8,66775.2,67347.7,65076.5,65.18,74.0,Greed,-1.11,0.29
2024-06-15,66223.0,66034.1,66446.4,65895.1,24.05,74.0,Greed,0.29,0.68
2024-06-16,66674.7,66223.0,66951.4,66038.1,20.74,71.0,Greed,0.68,-0.26
2024-06-17,66498.8,66672.9,67253.8,65115.4,66.09,71.0,Greed,-0.26,-2.01
2024-06-18,65159.9,66495.7,66571.2,64098.4,93.72,74.0,Greed,-2.01,-0.27
2024-06-19,64980.9,65159.8,65706.4,64705.6,42.96,64.0,Greed,-0.27,-0.19
2024-06-20,64854.3,64982.1,66474.2,64566.7,56.24,60.0,Greed,-0.19,-1.12
2024-06-21,64128.5,64854.3,65054.9,63427.9,60.86,63.0,Greed,-1.12,0.21
2024-06-22,64261.0,64131.9,64523.9,63944.0,17.55,53.0,Neutral,0.21,-1.66
2024-06-23,63196.2,64261.0,64518.9,63195.3,19.94,55.0,Greed,-1.66,-4.59
2024-06-24,60292.7,63201.6,63357.1,58589.9,120.6,51.0,Neutral,-4.59,2.52
2024-06-25,61809.4,60292.0,62266.0,60262.2,77.28,30.0,Fear,2.52,-1.55
2024-06-26,60849.4,61809.9,62469.4,60715.1,54.95,46.0,Fear,-1.55,1.37
2024-06-27,61685.3,60848.3,62351.2,60629.4,48.79,40.0,Fear,1.37,-2.08
2024-06-28,60403.3,61684.6,62175.4,60081.9,58.95,47.0,Neutral,-2.08,0.94
2024-06-29,60973.4,60403.7,61192.8,60382.8,26.56,30.0,Fear,0.94,2.92
2024-06-30,62754.3,60973.1,63006.6,60703.7,37.21,47.0,Neutral,2.92,0.22
2024-07-01,62890.1,62768.8,63842.1,62558.0,59.94,53.0,Neutral,0.22,-1.25
2024-07-02,62103.3,62888.3,63257.0,61797.6,46.52,51.0,Neutral,-1.25,-3.07
2024-07-03,60199.3,62104.9,62263.6,59466.6,73.34,50.0,Neutral,-3.07,-5.27
2024-07-04,57026.3,60201.4,60463.0,56812.7,116.38,44.0,Fear,-5.27,-0.67
2024-07-05,56641.8,57025.7,57471.1,53883.4,175.51,29.0,Fear,-0.67,2.86
2024-07-06,58259.2,56640.0,58462.0,56026.8,46.91,26.0,Fear,2.86,-4.12
2024-07-07,55861.1,58240.2,58394.6,55756.3,41.12,29.0,Fear,-4.12,1.55
2024-07-08,56724.7,55850.2,58115.8,54320.0,102.91,28.0,Fear,1.55,2.32
2024-07-09,58039.4,56721.3,58234.0,56306.3,64.25,27.0,Fear,2.32,-0.5
2024-07-10,57746.7,58040.2,59393.8,57185.3,59.6,28.0,Fear,-0.5,-0.71
2024-07-11,57337.3,57745.9,59404.4,57095.0,66.4,29.0,Fear,-0.71,0.96
2024-07-12,57885.1,57338.3,58520.9,56575.7,56.84,25.0,Extreme Fear,0.96,2.29
2024-07-13,59209.8,57897.4,59826.5,57770.6,34.28,25.0,Extreme Fear,2.29,2.68
2024-07-14,60794.9,59207.9,61326.9,59207.9,47.48,33.0,Fear,2.68,6.56
2024-07-15,64782.4,60794.7,64869.5,60678.8,96.02,52.0,Neutral,6.56,0.41
2024-07-16,65049.7,64749.2,65319.5,62430.8,93.63,65.0,Greed,0.41,-1.48
2024-07-17,64089.2,65052.8,66051.5,63897.5,66.11,69.0,Greed,-1.48,-0.17
2024-07-18,63980.5,64090.4,65102.0,63253.5,51.27,61.0,Greed,-0.17,4.22
2024-07-19,66677.4,63981.2,67390.4,63326.1,82.87,60.0,Greed,4.22,0.71
2024-07-20,67148.5,66677.0,67586.4,66257.4,32.94,74.0,Greed,0.71,1.5
2024-07-21,68158.7,67147.8,68352.9,65825.6,47.19,74.0,Greed,1.5,-0.89
2024-07-22,67553.6,68158.4,68468.9,66601.8,54.88,70.0,Greed,-0.89,-2.39
2024-07-23,65937.8,67550.4,67750.2,65512.9,69.58,71.0,Greed,-2.39,-0.86
2024-07-24,65370.5,65936.8,67072.1,65155.2,52.47,69.0,Greed,-0.86,0.66
2024-07-25,65799.3,65363.9,66088.6,63500.9,77.46,68.0,Greed,0.66,3.21
2024-07-26,67908.6,65799.7,68205.0,65764.3,59.13,68.0,Greed,3.21,-0.1
2024-07-27,67843.1,67910.8,69387.6,66776.8,67.99,72.0,Greed,-0.1,0.61
2024-07-28,68256.3,67888.9,68291.9,67067.8,26.17,71.0,Greed,0.61,-2.14
2024-07-29,66798.7,68256.3,70000.2,66544.5,85.67,74.0,Greed,-2.14,-0.92
2024-07-30,66184.9,66796.1,66998.3,65328.7,54.43,67.0,Greed,-0.92,-2.36
2024-07-31,64626.0,66185.4,66825.6,64538.3,51.52,61.0,Greed,-2.36,1.16
2024-08-01,65372.9,64625.7,65587.9,62303.9,84.2,52.0,Neutral,1.16,-5.96
2024-08-02,61478.7,65351.8,65567.1,61242.3,93.89,57.0,Greed,-5.96,-1.27
2024-08-03,60696.7,61480.8,62184.2,59914.6,65.74,37.0,Fear,-1.27,-4.21
2024-08-04,58141.8,60700.2,61086.5,57346.9,72.71,34.0,Fear,-4.21,-7.16
2024-08-05,53979.0,58142.9,58291.4,49486.9,333.46,26.0,Fear,-7.16,3.85
2024-08-06,56057.8,54010.8,57025.6,53998.2,113.89,17.0,Extreme Fear,3.85,-1.67
2024-08-07,55120.9,56049.9,57669.6,54598.5,94.52,29.0,Fear,-1.67,11.94
2024-08-08,61699.7,55112.8,62563.5,54786.9,109.77,20.0,Extreme Fear,11.94,-1.38
2024-08-09,60850.6,61697.8,61712.3,59570.2,69.55,48.0,Neutral,-1.38,0.13
2024-08-10,60931.7,60844.5,61344.5,60264.2,22.91,40.0,Fear,0.13,-3.64
2024-08-11,58713.3,60929.8,61677.3,58388.7,41.06,39.0,Fear,-3.64,1.08
2024-08-12,59350.0,58711.7,60606.2,57689.0,79.31,25.0,Extreme Fear,1.08,2.1
2024-08-13,60595.2,59350.2,61537.0,58492.4,62.92,31.0,Fear,2.1,-3.11
2024-08-14,58707.8,60594.6,61543.0,58491.2,64.79,30.0,Fear,-3.11,-2.0
2024-08-15,57534.6,58710.1,59831.4,56275.7,81.47,29.0,Fear,-2.0,2.33
2024-08-16,58877.2,57545.1,59817.3,57129.1,64.01,27.0,Fear,2.33,1.03
2024-08-17,59483.1,58877.8,59659.5,58825.5,18.51,25.0,Extreme Fear,1.03,-1.74
2024-08-18,58446.3,59485.4,60216.3,58436.1,30.82,31.0,Fear,-1.74,1.75
2024-08-19,59470.9,58445.8,59598.5,57872.0,49.19,28.0,Fear,1.75,-0.78
2024-08-20,59005.8,59470.3,61331.6,58612.0,69.77,30.0,Fear,-0.78,3.65
2024-08-21,61158.1,59010.0,61812.0,58831.1,91.31,26.0,Fear,3.65,-1.29
2024-08-22,60372.2,61158.3,61399.7,59815.8,74.39,39.0,Fear,-1.29,6.1
2024-08-23,64053.1,60374.7,64830.1,60354.4,125.5,34.0,Fear,6.1,0.17
2024-08-24,64159.3,64061.7,64458.9,63579.5,54.14,56.0,Greed,0.17,0.18
2024-08-25,64273.2,64160.7,64939.2,63796.6,41.61,54.0,Neutral,0.18,-2.22
2024-08-26,62846.2,64240.7,64472.5,62841.1,68.89,55.0,Greed,-2.22,-5.4
2024-08-27,59450.9,62832.2,63201.4,58187.3,108.53,48.0,Neutral,-5.4,-0.73
2024-08-28,59016.0,59425.6,60198.4,57912.1,109.47,30.0,Fear,-0.73,0.61
2024-08-29,59373.5,59027.3,61150.6,58807.1,87.19,29.0,Fear,0.61,-0.43
2024-08-30,59119.7,59371.7,59817.6,57874.7,87.31,34.0,Fear,-0.43,-0.24
2024-08-31,58978.6,59120.4,59447.0,58761.1,30.86,29.0,Fear,-0.24,-2.82
2024-09-01,57315.7,58975.7,59058.7,57232.4,63.95,26.0,Fear,-2.82,3.17
2024-09-02,59134.0,57309.0,59416.6,57185.8,73.18,26.0,Fear,3.17,-2.8
2024-09-03,57479.8,59133.7,59799.7,57436.9,74.77,26.0,Fear,-2.8,0.86
2024-09-04,57973.4,57490.4,58508.8,55732.1,108.44,27.0,Fear,0.86,-3.09
2024-09-05,56183.2,57970.7,58318.9,55744.6,90.36,29.0,Fear,-3.09,-3.94
2024-09-06,53966.8,56179.7,56969.1,52644.6,155.84,22.0,Extreme Fear,-3.94,0.35
2024-09-07,54156.5,53965.0,54819.2,53754.3,58.11,23.0,Extreme Fear,0.35,1.3
2024-09-08,54861.3,54161.4,55292.7,53642.4,51.99,29.0,Fear,1.3,3.99
2024-09-09,57049.6,54868.0,57956.7,54595.4,105.33,26.0,Fear,3.99,1.03
2024-09-10,57635.0,57045.6,58019.9,56415.3,77.65,33.0,Fear,1.03,-0.51
2024-09-11,57338.7,57638.0,57975.9,55576.6,102.15,37.0,Fear,-0.51,1.39
2024-09-12,58134.5,57335.5,58484.1,57329.6,98.42,31.0,Fear,1.39,4.09
2024-09-13,60511.6,58134.4,60625.4,57656.8,102.12,32.0,Fear,4.09,-0.85
2024-09-14,59995.4,60514.8,60609.4,59494.3,44.47,50.0,Neutral,-0.85,-1.43
2024-09-15,59138.5,59995.6,60377.6,58717.9,47.01,51.0,Neutral,-1.43,-1.56
2024-09-16,58213.1,59126.2,59204.3,57527.8,87.6,39.0,Fear,-1.56,3.6
2024-09-17,60309.1,58213.1,61309.0,57630.2,106.3,33.0,Fear,3.6,2.4
2024-09-18,61757.6,60308.5,61757.6,59210.7,105.57,45.0,Fear,2.4,1.91
2024-09-19,62938.6,61754.8,63849.6,61596.5,120.17,49.0,Neutral,1.91,0.42
2024-09-20,63201.2,62942.4,64085.1,62367.1,90.65,54.0,Neutral,0.42,0.23
2024-09-21,63348.1,63201.2,63526.3,62778.6,33.2,54.0,Neutral,0.23,0.35
2024-09-22,63572.7,63351.2,63998.2,62394.6,48.86,52.0,Neutral,0.35,-0.38
2024-09-23,63331.8,63575.4,64723.4,62650.0,75.66,50.0,Neutral,-0.38,1.46
2024-09-24,64256.8,63335.9,64664.1,62740.8,76.71,54.0,Neutral,1.46,-1.71
2024-09-25,63156.5,64262.9,64788.4,62952.8,62.72,59.0,Greed,-1.71,3.2
2024-09-26,65175.7,63157.2,65770.9,62693.3,96.06,50.0,Neutral,3.2,0.92
2024-09-27,65776.3,65168.8,66440.7,64839.2,80.55,61.0,Greed,0.92,0.14
2024-09-28,65866.5,65775.6,66232.5,65438.1,35.0,64.0,Greed,0.14,-0.39
2024-09-29,65607.1,65862.8,66065.7,65436.8,32.6,63.0,Greed,-0.39,-3.46
2024-09-30,63339.2,65607.0,65607.0,62901.1,101.7,61.0,Greed,-3.46,-3.95
2024-10-01,60835.5,63329.9,64125.3,60195.9,134.93,50.0,Neutral,-3.95,-0.31
2024-10-02,60645.7,60834.2,62339.8,60002.7,98.94,42.0,Fear,-0.31,0.17
2024-10-03,60751.2,60642.0,61468.9,59904.4,82.43,37.0,Fear,0.17,2.19
2024-10-04,62081.0,60751.4,62471.7,60469.3,72.71,41.0,Fear,2.19,-0.03
2024-10-05,62061.4,62085.5,62366.8,61705.7,30.15,49.0,Neutral,-0.03,1.22
2024-10-06,62819.4,62062.0,62934.5,61495.4,31.72,50.0,Neutral,1.22,-0.91
2024-10-07,62245.6,62819.8,64449.3,62175.8,86.27,50.0,Neutral,-0.91,-0.14
2024-10-08,62157.0,62226.9,63196.6,61883.2,63.75,49.0,Neutral,-0.14,-2.46
2024-10-09,60628.8,62157.0,62537.0,60355.5,68.79,49.0,Neutral,-2.46,-0.52
2024-10-10,60316.2,60628.9,61304.6,59075.7,83.86,39.0,Fear,-0.52,3.62
2024-10-11,62499.4,60317.5,63385.1,60080.6,86.38,32.0,Fear,3.62,1.13
2024-10-12,63205.1,62506.6,63463.1,62486.1,40.91,49.0,Neutral,1.13,-0.53
2024-10-13,62870.9,63205.4,63284.6,62054.2,42.26,50.0,Neutral,-0.53,5.11
2024-10-14,66081.7,62870.7,66476.6,62463.7,122.09,48.0,Neutral,5.11,1.51
2024-10-15,67077.5,66084.1,67821.9,64850.6,136.72,65.0,Greed,1.51,0.81
2024-10-16,67617.9,67075.1,68389.4,66766.6,98.3,73.0,Greed,0.81,-0.3
2024-10-17,67418.4,67618.1,67933.5,66677.3,84.68,71.0,Greed,-0.3,1.49
2024-10-18,68423.1,67416.5,68990.3,67190.9,99.2,73.0,Greed,1.49,-0.07
2024-10-19,68372.0,68426.4,68688.8,68025.5,33.29,72.0,Greed,-0.07,0.96
2024-10-20,69030.5,68373.3,69386.4,67443.9,44.92,73.0,Greed,0.96,-2.4
2024-10-21,67371.3,69030.5,69490.8,66845.5,109.28,72.0,Greed,-2.4,0.08
2024-10-22,67427.3,67370.8,67815.3,66609.4,86.76,70.0,Greed,0.08,-1.13
2024-10-23,66663.7,67428.6,67441.1,65246.7,84.99,71.0,Greed,-1.13,2.29
2024-10-24,68191.5,66659.2,68831.8,66510.6,82.78,69.0,Greed,2.29,-2.19
2024-10-25,66696.8,68191.9,68756.8,65644.2,110.51,72.0,Greed,-2.19,0.58
2024-10-26,67086.8,66694.5,67408.4,66443.8,42.05,73.0,Greed,0.58,1.37
2024-10-27,68004.6,67084.7,68308.0,66924.6,33.58,74.0,Greed,1.37,2.87
2024-10-28,69954.1,68011.9,70203.4,67610.0,103.97,72.0,Greed,2.87,3.97
2024-10-29,72730.4,69957.2,73569.4,69753.2,168.6,72.0,Greed,3.97,-0.53
2024-10-30,72347.8,72732.5,72907.4,71460.0,99.05,77.0,Extreme Greed,-0.53,-2.86
2024-10-31,70281.8,72343.7,72685.7,69674.5,111.29,77.0,Extreme Greed,-2.86,-1.1
2024-11-01,69507.2,70278.7,71598.4,68846.0,130.46,75.0,Greed,-1.1,-0.26
2024-11-02,69325.8,69499.3,69896.9,69029.0,38.72,72.0,Greed,-0.26,-0.8
2024-11-03,68769.6,69334.8,69383.6,67514.2,83.16,74.0,Greed,-0.8,-1.34
2024-11-04,67848.8,68770.3,69483.4,66834.0,101.31,70.0,Greed,-1.34,2.25
2024-11-05,69373.7,67848.3,70495.6,67473.6,108.95,70.0,Greed,2.25,8.96
2024-11-06,75586.3,69374.1,76401.4,69323.0,357.28,70.0,Greed,8.96,0.37
2024-11-07,75868.6,75585.5,76837.8,74448.2,184.16,77.0,Extreme Greed,0.37,0.85
2024-11-08,76517.3,75869.8,77188.5,75599.0,155.17,75.0,Greed,0.85,0.24
2024-11-09,76700.3,76506.1,76904.0,75732.5,72.97,75.0,Greed,0.24,4.81
2024-11-10,80388.5,76681.4,81373.5,76520.5,193.83,78.0,Extreme Greed,4.81,10.29
2024-11-11,88664.1,80389.0,89519.0,80231.8,254.04,76.0,Extreme Greed,10.29,-0.82
2024-11-12,87941.3,88665.0,89929.6,85122.2,288.68,80.0,Extreme Greed,-0.82,2.82
2024-11-13,90422.2,87971.2,93226.6,86168.4,257.57,84.0,Extreme Greed,2.82,-3.46
2024-11-14,87294.0,90424.8,91726.7,86740.2,153.34,88.0,Extreme Greed,-3.46,4.3
2024-11-15,91046.5,87297.2,91833.1,87118.8,158.19,80.0,Extreme Greed,4.3,-0.56
2024-11-16,90539.1,91035.3,91748.9,90079.0,79.82,86.0,Extreme Greed,-0.56,-0.78
2024-11-17,89833.7,90569.4,91441.6,88736.1,81.24,90.0,Extreme Greed,-0.78,0.72
2024-11-18,90478.7,89843.3,92567.1,89410.4,150.47,83.0,Extreme Greed,0.72,1.95
2024-11-19,92239.2,90482.1,93918.5,90378.7,146.04,90.0,Extreme Greed,1.95,2.24
2024-11-20,94303.9,92252.6,94836.1,91517.4,121.46,83.0,Extreme Greed,2.24,4.32
2024-11-21,98374.5,94308.7,98937.2,94063.8,179.07,82.0,Extreme Greed,4.32,0.56
2024-11-22,98929.7,98381.2,99617.4,97182.2,132.23,94.0,Extreme Greed,0.56,-1.24
2024-11-23,97699.0,98927.2,98927.2,97180.9,72.17,93.0,Extreme Greed,-1.24,0.24
2024-11-24,97935.2,97696.4,98552.6,95765.4,77.04,80.0,Extreme Greed,0.24,-4.97
2024-11-25,93064.4,97948.8,98872.4,92875.3,124.98,82.0,Extreme Greed,-4.97,-1.17
2024-11-26,91977.6,93046.5,94978.8,90817.2,131.88,79.0,Extreme Greed,-1.17,4.25
2024-11-27,95886.6,91975.5,97219.8,91795.5,106.39,75.0,Greed,4.25,-0.25
2024-11-28,95645.5,95881.4,96549.0,94648.8,68.17,77.0,Extreme Greed,-0.25,1.87
2024-11-29,97438.0,95645.6,98599.8,95405.7,76.54,78.0,Extreme Greed,1.87,-1.06
2024-11-30,96405.7,97438.5,97461.9,96119.6,36.92,84.0,Extreme Greed,-1.06,0.83
2024-12-01,97201.4,96404.7,97813.9,95721.8,42.9,81.0,Extreme Greed,0.83,-1.39
2024-12-02,95846.6,97199.3,98082.0,94510.6,95.8,80.0,Extreme Greed,-1.39,0.05
2024-12-03,95898.7,95843.9,96245.0,93646.1,95.08,76.0,Extreme Greed,0.05,2.85
2024-12-04,98635.8,95900.1,99030.7,94625.3,113.77,78.0,Extreme Greed,2.85,-1.69
2024-12-05,96970.8,98624.8,103719.4,92510.4,245.79,84.0,Extreme Greed,-1.69,2.88
2024-12-06,99760.7,96968.9,101908.5,96452.0,213.49,72.0,Greed,2.88,0.08
2024-12-07,99837.0,99757.2,100441.8,98969.0,118.44,75.0,Greed,0.08,1.28
2024-12-08,101115.8,99837.0,101339.9,98713.9,128.93,79.0,Extreme Greed,1.28,-3.72
2024-12-09,97359.4,101129.7,101198.6,94395.8,321.01,78.0,Extreme Greed,-3.72,-0.78
2024-12-10,96600.3,97311.5,98237.8,94304.5,271.45,78.0,Extreme Greed,-0.78,4.69
2024-12-11,101126.2,96603.2,101877.1,95689.5,250.02,74.0,Greed,4.69,-1.1
2024-12-12,100009.9,101126.3,102495.3,99334.5,188.96,83.0,Extreme Greed,-1.1,1.42
2024-12-13,101426.2,100008.3,101891.2,99214.2,162.4,76.0,Extreme Greed,1.42,-0.01
2024-12-14,101417.7,101423.7,102633.0,100626.3,105.31,83.0,Extreme Greed,-0.01,2.98
2024-12-15,104443.0,101417.9,105120.9,101234.9,133.99,80.0,Extreme Greed,2.98,1.55
2024-12-16,106057.6,104479.2,107767.6,103351.7,232.66,83.0,Extreme Greed,1.55,0.08
2024-12-17,106138.9,106053.4,108244.9,105350.6,149.37,87.0,Extreme Greed,0.08,-5.6
2024-12-18,100197.8,106140.7,106477.6,100049.3,187.49,81.0,Extreme Greed,-5.6,-2.73
2024-12-19,97466.1,100190.5,102778.8,95672.2,200.57,75.0,Greed,-2.73,0.34
2024-12-20,97795.7,97468.3,98178.2,92301.9,221.18,74.0,Greed,0.34,-0.55
2024-12-21,97253.3,97799.1,99531.9,96478.6,123.36,73.0,Greed,-0.55,-2.13
2024-12-22,95183.8,97281.6,97422.2,94265.2,100.64,73.0,Greed,-2.13,-0.35
2024-12-23,94852.1,95184.8,96517.8,92543.2,133.24,70.0,Greed,-0.35,4.02
2024-12-24,98668.1,94852.8,99446.6,93566.2,69.86,73.0,Greed,4.02,0.73
2024-12-25,99391.3,98661.9,99514.1,97651.9,39.8,73.0,Greed,0.73,-3.64
2024-12-26,95777.7,99389.4,99922.5,95193.3,74.6,79.0,Extreme Greed,-3.64,-1.57
2024-12-27,94275.9,95776.4,97243.3,93472.8,85.12,74.0,Greed,-1.57,1.07
2024-12-28,95284.5,94274.9,95684.3,94124.7,32.97,72.0,Greed,1.07,-1.65
2024-12-29,93716.3,95282.6,95315.4,93026.7,47.71,73.0,Greed,-1.65,-1.0
2024-12-30,92779.8,93718.7,94936.4,91522.3,112.43,65.0,Greed,-1.0,0.84
2024-12-31,93557.2,92777.2,96163.4,92036.2,74.85,64.0,Greed,0.84,1.07
2025-01-01,94560.2,93557.3,95100.0,92939.3,43.34,66.0,Greed,1.07,2.54
2025-01-02,96960.0,94561.1,97808.0,94381.2,76.13,70.0,Greed,2.54,1.25
2025-01-03,98167.5,96960.2,98963.3,96090.6,61.62,74.0,Greed,1.25,0.05
2025-01-04,98219.9,98168.9,98742.6,97568.9,36.56,73.0,Greed,0.05,0.13
2025-01-05,98347.7,98220.1,98823.1,97300.0,31.34,72.0,Greed,0.13,3.97
2025-01-06,102248.7,98373.2,102474.5,97932.3,86.73,76.0,Extreme Greed,3.97,-5.2
2025-01-07,96929.8,102247.9,102678.2,96201.3,99.77,78.0,Extreme Greed,-5.2,-1.92
2025-01-08,95066.6,96938.2,97266.4,92716.6,100.36,70.0,Greed,-1.92,-2.66
2025-01-09,92539.8,95066.6,95323.1,91241.9,132.78,69.0,Greed,-2.66,2.36
2025-01-10,94724.1,92540.5,95760.6,92310.6,125.42,50.0,Neutral,2.36,-0.12
2025-01-11,94612.0,94724.0,94765.5,93847.8,72.66,69.0,Greed,-0.12,-0.07
2025-01-12,94541.8,94600.0,95384.3,93711.2,17.6,62.0,Greed,-0.07,-0.01
2025-01-13,94536.1,94545.0,95928.1,89423.1,37.7,61.0,Greed,-0.01,2.12
2025-01-14,96542.1,94536.7,97361.2,94359.5,87.79,63.0,Greed,2.12,4.1
2025-01-15,100499.8,96547.4,100671.0,96501.9,95.32,70.0,Greed,4.1,-0.49
2025-01-16,100004.5,100499.9,100812.4,97400.2,87.08,75.0,Greed,-0.49,4.08
2025-01-17,104084.9,99991.9,105843.8,99956.2,127.33,75.0,Greed,4.08,0.43
2025-01-18,104536.9,104084.7,104953.1,102297.0,79.3,77.0,Extreme Greed,0.43,-3.08
2025-01-19,101319.5,104536.8,106338.2,99742.7,123.72,77.0,Extreme Greed,-3.08,0.87
2025-01-20,102197.7,101313.3,109228.6,99676.0,202.66,76.0,Extreme Greed,0.87,3.87
2025-01-21,106157.2,102190.2,107211.9,100192.5,129.36,76.0,Extreme Greed,3.87,-2.33
2025-01-22,103684.8,106157.2,106266.2,103354.4,77.56,84.0,Extreme Greed,-2.33,0.22
2025-01-23,103912.1,103681.3,106806.5,101281.6,141.8,75.0,Greed,0.22,0.91
2025-01-24,104862.3,103913.6,107102.2,102760.0,83.96,75.0,Greed,0.91,-0.11
2025-01-25,104742.9,104861.4,105255.6,104133.9,37.68,75.0,Greed,-0.11,-2.01
2025-01-26,102637.8,104743.8,105399.8,102543.8,32.18,73.0,Greed,-2.01,-0.53
2025-01-27,102091.7,102618.3,103234.8,97987.5,146.38,71.0,Greed,-0.53,-0.73
2025-01-28,101349.3,102085.2,103584.1,100288.0,74.69,72.0,Greed,-0.73,2.34
2025-01-29,103722.0,101342.1,104760.0,101340.6,74.38,72.0,Greed,2.34,0.97
2025-01-30,104726.9,103723.0,106409.1,103388.4,74.84,70.0,Greed,0.97,-2.2
2025-01-31,102424.2,104726.9,105876.3,101576.0,82.79,76.0,Extreme Greed,-2.2,-1.73
2025-02-01,100648.0,102421.3,102770.8,100293.5,47.48,68.0,Greed,-1.73,-2.94
2025-02-02,97684.9,100647.1,101451.0,96250.2,99.36,60.0,Greed,-2.94,3.74
2025-02-03,101337.1,97686.0,102372.2,91695.8,190.81,44.0,Fear,3.74,-3.5
2025-02-04,97793.4,101339.7,101692.9,96190.5,117.35,72.0,Greed,-3.5,-1.23
2025-02-05,96595.3,97784.8,99028.3,96163.8,82.92,54.0,Neutral,-1.23,-0.03
2025-02-06,96568.8,96606.3,99119.2,95706.6,76.92,49.0,Neutral,-0.03,-0.06
2025-02-07,96513.5,96564.8,100133.9,95693.7,97.6,44.0,Fear,-0.06,-0.07
2025-02-08,96447.9,96513.5,96862.8,95716.1,38.99,44.0,Fear,-0.07,0.02
2025-02-09,96469.2,96448.4,97297.8,94750.4,48.38,46.0,Fear,0.02,1.0
2025-02-10,97434.7,96469.2,98311.6,95307.7,71.43,43.0,Fear,1.0,-1.71
2025-02-11,95771.7,97434.7,98476.5,94902.7,69.89,47.0,Neutral,-1.71,2.2
2025-02-12,97881.3,95777.2,98095.8,94110.7,87.21,46.0,Fear,2.2,-1.3
2025-02-13,96610.2,97874.7,98079.6,95295.4,66.76,50.0,Neutral,-1.3,0.93
2025-02-14,97504.6,96611.6,98817.3,96316.5,65.37,48.0,Neutral,0.93,0.07
2025-02-15,97573.4,97504.4,97973.2,97210.8,29.65,50.0,Neutral,0.07,-1.48
2025-02-16,96132.1,97573.1,97706.5,96060.2,33.35,54.0,Neutral,-1.48,-0.36
2025-02-17,95781.3,96120.2,97002.3,95222.0,58.4,51.0,Neutral,-0.36,-0.15
2025-02-18,95638.0,95781.5,96645.1,93403.4,74.09,47.0,Neutral,-0.15,1.05
2025-02-19,96644.8,95663.7,96829.6,95049.1,58.27,44.0,Fear,1.05,1.72
2025-02-20,98310.3,96645.2,98721.6,96441.9,61.84,49.0,Neutral,1.72,-2.19
2025-02-21,96155.6,98310.3,99473.4,94903.6,104.28,55.0,Greed,-2.19,0.42
2025-02-22,96556.1,96158.3,96930.8,95801.1,45.62,49.0,Neutral,0.42,-0.31
2025-02-23,96258.8,96556.2,96655.2,95259.5,38.82,50.0,Neutral,-0.31,-4.93
2025-02-24,91508.5,96261.0,96497.9,91378.5,96.46,49.0,Neutral,-4.93,-3.08
2025-02-25,88686.0,91510.4,92523.1,86097.5,195.29,25.0,Extreme Fear,-3.08,-5.04
2025-02-26,84212.7,88675.0,89375.3,82332.9,145.33,21.0,Extreme Fear,-5.04,0.6
2025-02-27,84714.6,84204.6,87013.9,82723.5,116.14,10.0,Extreme Fear,0.6,-0.39
2025-02-28,84381.2,84713.3,85028.7,78329.8,186.9,16.0,Extreme Fear,-0.39,2.0
2025-03-01,86071.6,84353.4,86546.3,83837.3,79.51,20.0,Extreme Fear,2.0,9.52
2025-03-02,94265.1,86065.7,94986.5,85069.3,126.76,26.0,Fear,9.52,-8.55
2025-03-03,86209.7,94266.1,94266.1,85140.8,143.15,33.0,Fear,-8.55,1.23
2025-03-04,87266.3,86083.8,88887.8,81617.0,132.5,15.0,Extreme Fear,1.23,3.83
2025-03-05,90611.7,87269.5,90937.8,86429.4,95.54,20.0,Extreme Fear,3.83,-0.75
2025-03-06,89930.9,90611.7,92802.0,87849.6,89.27,25.0,Extreme Fear,-0.75,-3.78
2025-03-07,86531.2,89879.5,91059.8,84864.3,138.11,34.0,Fear,-3.78,-0.36
2025-03-08,86221.9,86783.8,86886.8,85264.6,41.9,28.0,Fear,-0.36,-6.41
2025-03-09,80691.6,86221.5,86498.6,80048.9,69.9,27.0,Fear,-6.41,-2.62
2025-03-10,78575.9,80702.2,83902.8,77480.5,120.23,20.0,Extreme Fear,-2.62,5.53
2025-03-11,82921.1,78579.7,83572.6,76677.1,123.59,24.0,Extreme Fear,5.53,0.9
2025-03-12,83664.3,82921.1,84266.5,80646.6,88.61,34.0,Fear,0.9,-3.06
2025-03-13,81100.2,83664.7,84292.0,79954.9,79.25,45.0,Fear,-3.06,3.55
2025-03-14,83977.1,81103.5,85286.6,80833.2,81.23,27.0,Fear,3.55,0.43
2025-03-15,84341.3,83978.7,84679.5,83636.4,38.4,46.0,Fear,0.43,-2.09
2025-03-16,82578.4,84341.3,84942.5,82014.2,50.04,30.0,Fear,-2.09,1.74
2025-03-17,84019.1,82580.3,84729.2,82525.0,58.04,32.0,Fear,1.74,-1.55
2025-03-18,82719.1,84019.1,84019.1,81171.3,58.17,34.0,Fear,-1.55,4.98
2025-03-19,86841.0,82719.1,86990.6,82557.5,84.61,32.0,Fear,4.98,-3.03
2025-03-20,84208.1,86841.3,87419.0,83656.1,69.86,49.0,Neutral,-3.03,-0.16
2025-03-21,84073.3,84208.7,84831.0,83215.9,42.8,31.0,Fear,-0.16,-0.28
2025-03-22,83840.5,84076.6,84526.3,83688.2,20.84,32.0,Fear,-0.28,2.67
2025-03-23,86077.4,83840.2,86082.0,83812.7,31.13,30.0,Fear,2.67,1.64
2025-03-24,87490.0,86076.1,88740.2,85541.6,95.71,45.0,Fear,1.64,-0.1
2025-03-25,87404.0,87495.3,88523.3,86328.5,75.24,46.0,Fear,-0.1,-0.56
2025-03-26,86912.0,87349.8,88276.7,85866.4,62.04,47.0,Neutral,-0.56,0.36
2025-03-27,87228.2,86937.0,87751.4,85844.4,56.49,40.0,Fear,0.36,-3.23
2025-03-28,84410.4,87209.5,87507.5,83596.7,85.25,44.0,Fear,-3.23,-2.09
2025-03-29,82645.7,84412.1,84603.4,81668.2,39.34,26.0,Fear,-2.09,-0.33
2025-03-30,82371.6,82646.8,83532.9,81593.2,35.37,32.0,Fear,-0.33,0.22
2025-03-31,82548.8,82375.4,83895.6,81300.1,61.76,34.0,Fear,0.22,3.17
2025-04-01,85164.2,82548.6,85506.2,82435.8,66.72,34.0,Fear,3.17,-3.1
2025-04-02,82525.0,85166.0,88377.3,82358.9,104.05,44.0,Fear,-3.1,0.77
2025-04-03,83159.4,82522.6,83908.9,81313.8,83.15,25.0,Extreme Fear,0.77,0.85
2025-04-04,83866.7,83160.2,84704.1,81691.1,91.54,28.0,Fear,0.85,-0.38
2025-04-05,83552.1,83876.0,84249.3,82384.4,32.71,30.0,Fear,-0.38,-6.18
2025-04-06,78391.3,83528.0,83731.7,77171.1,79.17,34.0,Fear,-6.18,0.98
2025-04-07,79162.5,78406.6,81095.9,74524.2,170.57,23.0,Extreme Fear,0.98,-3.6
2025-04-08,76312.5,79166.7,80839.8,76255.0,93.88,24.0,Extreme Fear,-3.6,8.25
2025-04-09,82607.0,76312.3,83566.7,74657.3,172.18,18.0,Extreme Fear,8.25,-3.63
2025-04-10,79607.5,82606.8,82737.5,78495.8,92.83,39.0,Fear,-3.63,4.78
2025-04-11,83413.1,79606.1,84275.0,79004.2,94.62,25.0,Extreme Fear,4.78,2.25
2025-04-12,85292.7,83420.5,85893.5,82828.0,55.6,43.0,Fear,2.25,-1.83
2025-04-13,83734.4,85282.5,85999.5,83049.6,70.93,45.0,Fear,-1.83,1.02
2025-04-14,84586.4,83752.8,85794.9,83705.2,78.03,31.0,Fear,1.02,-1.11
2025-04-15,83647.0,84586.8,86438.8,83602.7,62.45,38.0,Fear,-1.11,0.46
2025-04-16,84032.2,83648.1,85438.2,83143.5,63.97,29.0,Fear,0.46,1.08
2025-04-17,84940.0,84032.2,85467.3,83786.2,49.28,30.0,Fear,1.08,-0.55
2025-04-18,84474.6,84947.7,85106.1,84331.0,25.83,33.0,Fear,-0.55,0.7
2025-04-19,85068.1,84472.4,85604.3,84366.5,32.07,32.0,Fear,0.7,0.13
2025-04-20,85179.0,85075.5,85321.0,83976.1,32.08,37.0,Fear,0.13,2.74
2025-04-21,87516.0,85179.0,88449.6,85148.8,98.5,39.0,Fear,2.74,6.77
2025-04-22,93441.9,87516.0,93816.9,87105.2,130.17,47.0,Neutral,6.77,0.27
2025-04-23,93697.7,93442.2,94462.6,91963.4,90.35,72.0,Greed,0.27,0.3
2025-04-24,93980.3,93696.3,94001.0,91673.0,66.68,63.0,Greed,0.3,0.74
2025-04-25,94676.9,93979.4,95718.6,92867.2,92.04,60.0,Greed,0.74,-0.05
2025-04-26,94631.4,94669.3,95207.0,93891.8,33.77,65.0,Greed,-0.05,-0.94
2025-04-27,93742.5,94631.4,95324.4,93640.7,36.66,61.0,Greed,-0.94,1.34
2025-04-28,94995.0,93742.5,95580.3,92818.9,73.63,54.0,Neutral,1.34,-0.76
2025-04-29,94269.8,94995.4,95453.4,93758.0,59.86,60.0,Greed,-0.76,-0.09
2025-04-30,94184.4,94265.0,95223.4,93049.6,57.1,56.0,Greed,-0.09,2.46
2025-05-01,96499.3,94181.3,97394.3,94168.1,74.56,53.0,Neutral,2.46,0.41
2025-05-02,96894.4,96497.3,97881.8,96359.3,51.94,67.0,Greed,0.41,-1.04
2025-05-03,95885.8,96894.3,96922.2,95785.5,36.24,65.0,Greed,-1.04,-1.64
2025-05-04,94316.9,95885.5,96297.8,94206.1,41.31,64.0,Greed,-1.64,0.45
2025-05-05,94745.2,94314.6,95206.8,93590.8,59.21,52.0,Neutral,0.45,2.2
2025-05-06,96825.4,94745.9,96893.9,93408.8,55.76,59.0,Greed,2.2,0.22
2025-05-07,97035.1,96817.9,97647.5,95798.4,59.98,67.0,Greed,0.22,6.43
2025-05-08,103274.3,97035.1,103885.4,96901.9,110.6,65.0,Greed,6.43,-0.29
2025-05-09,102975.1,103270.7,104308.7,102365.7,87.34,73.0,Greed,-0.29,1.77
2025-05-10,104798.0,102974.7,104969.8,102837.2,48.42,70.0,Greed,1.77,-0.65
2025-05-11,104119.2,104748.3,104930.9,103358.8,54.76,70.0,Greed,-0.65,-1.27
2025-05-12,102795.0,104119.2,105765.2,100766.8,90.21,70.0,Greed,-1.27,1.29
2025-05-13,104119.2,102794.9,104972.9,101510.2,71.91,70.0,Greed,1.29,-0.58
2025-05-14,103513.9,104116.3,104316.0,102632.9,55.58,73.0,Greed,-0.58,0.24
2025-05-15,103765.4,103513.2,104153.8,101436.8,59.68,70.0,Greed,0.24,-0.27
2025-05-16,103480.5,103764.6,104544.1,103126.5,53.27,71.0,Greed,-0.27,-0.36
2025-05-17,103112.6,103473.9,103712.3,102626.5,37.43,74.0,Greed,-0.36,3.29
2025-05-18,106504.5,103113.9,106577.0,103113.9,62.47,74.0,Greed,3.29,-0.86
2025-05-19,105585.8,106507.7,107081.3,102088.2,90.49,74.0,Greed,-0.86,1.16
2025-05-20,106815.8,105586.1,107270.5,104199.3,76.08,71.0,Greed,1.16,2.64
2025-05-21,109640.1,106814.7,110628.8,106109.5,124.17,70.0,Greed,2.64,1.88
2025-05-22,111702.7,109632.6,111953.6,109281.8,96.35,72.0,Greed,1.88,-3.93
2025-05-23,107313.4,111702.6,111778.7,106855.4,87.57,78.0,Extreme Greed,-3.93,0.42
2025-05-24,107763.0,107313.5,109476.4,106904.5,52.26,66.0,Greed,0.42,1.17
2025-05-25,109021.1,107763.0,109203.4,106648.3,52.49,74.0,Greed,1.17,0.4
2025-05-26,109455.3,109014.9,110401.4,108694.0,48.01,73.0,Greed,0.4,-0.47
2025-05-27,108944.0,109455.3,110718.7,107572.2,65.02,74.0,Greed,-0.47,-1.06
2025-05-28,107786.7,108905.7,109238.3,106804.9,51.84,71.0,Greed,-1.06,-2.03
2025-05-29,105600.0,107759.1,108896.7,105399.9,70.02,74.0,Greed,-2.03,-1.53
2025-05-30,103981.3,105598.8,106314.9,103693.9,71.98,60.0,Greed,-1.53,0.59
2025-05-31,104598.0,103981.9,104888.4,103091.3,35.8,50.0,Neutral,0.59,0.99
2025-06-01,105635.2,104598.0,105867.5,103768.6,33.03,56.0,Greed,0.99,0.2
2025-06-02,105845.6,105635.2,105930.7,103729.7,46.44,64.0,Greed,0.2,-0.43
2025-06-03,105388.3,105845.6,106758.4,104886.9,49.47,64.0,Greed,-0.43,-0.66
2025-06-04,104695.6,105383.5,105971.2,104224.0,50.06,62.0,Greed,-0.66,-3.03
2025-06-05,101521.9,104690.6,105914.4,100421.1,73.53,57.0,Greed,-3.03,2.74
2025-06-06,104308.3,101524.1,105306.5,101127.6,61.97,45.0,Fear,2.74,1.2
2025-06-07,105564.2,104308.3,105911.7,103911.0,32.39,52.0,Neutral,1.2,0.17
2025-06-08,105739.6,105564.2,106449.3,105011.6,29.11,62.0,Greed,0.17,4.28
2025-06-09,110268.3,105739.6,110404.9,105333.3,64.28,62.0,Greed,4.28,0.0
2025-06-10,110269.2,110268.3,110369.2,108380.6,58.28,71.0,Greed,0.0,-1.46
2025-06-11,108661.2,110269.2,110386.1,108081.9,44.8,72.0,Greed,-1.46,-2.72
2025-06-12,105703.0,108662.2,108776.2,105703.0,59.87,71.0,Greed,-2.72,0.36
2025-06-13,106080.3,105702.7,106147.0,102739.6,73.84,61.0,Greed,0.36,-0.62
2025-06-14,105421.5,106028.5,106196.9,104321.0,30.99,63.0,Greed,-0.62,0.16
2025-06-15,105591.8,105421.6,106098.9,104502.0,26.22,60.0,Greed,0.16,1.09
2025-06-16,106740.4,105594.0,108899.3,104993.8,50.95,61.0,Greed,1.09,-2.04
2025-06-17,104559.8,106769.8,107747.4,103386.3,60.73,68.0,Greed,-2.04,0.32
2025-06-18,104894.2,104571.4,105553.0,103622.4,45.6,52.0,Neutral,0.32,-0.21
2025-06-19,104669.6,104894.2,105220.5,103934.5,28.47,57.0,Greed,-0.21,-1.33
2025-06-20,103280.5,104669.6,106520.3,102396.8,51.48,54.0,Neutral,-1.33,-1.13
2025-06-21,102113.2,103287.2,103989.3,100947.8,37.52,49.0,Neutral,-1.13,-1.1
2025-06-22,100990.4,102114.5,103300.4,98249.2,81.37,42.0,Fear,-1.1,4.34
2025-06-23,105376.9,100782.5,106032.7,99696.9,83.16,47.0,Neutral,4.34,0.67
2025-06-24,106078.6,105376.9,106268.7,104642.9,52.81,65.0,Greed,0.67,1.2
2025-06-25,107349.4,106086.0,108128.0,105828.2,58.14,66.0,Greed,1.2,-0.38
2025-06-26,106945.9,107350.6,108261.2,106650.0,38.7,74.0,Greed,-0.38,0.09
2025-06-27,107044.2,106948.0,107726.5,106414.1,46.24,65.0,Greed,0.09,0.24
2025-06-28,107304.4,107048.2,107542.3,106822.0,14.26,65.0,Greed,0.24,0.98
2025-06-29,108361.1,107304.3,108470.5,107188.4,25.96,68.0,Greed,0.98,-1.1
2025-06-30,107171.1,108362.3,108777.0,106743.1,37.46,66.0,Greed,-1.1,-1.38
2025-07-01,105694.3,107176.4,107532.3,105289.4,40.28,64.0,Greed,-1.38,2.98
2025-07-02,108843.7,105694.0,109727.8,105163.5,62.51,63.0,Greed,2.98,0.7
2025-07-03,109600.5,108846.7,110506.8,108550.8,45.39,73.0,Greed,0.7,-1.47
2025-07-04,107989.6,109600.8,109723.7,107268.2,40.92,73.0,Greed,-1.47,0.2
2025-07-05,108204.7,107989.6,108357.5,107797.8,14.93,67.0,Greed,0.2,0.93
2025-07-06,109207.0,108204.7,109701.8,107818.8,21.94,66.0,Greed,0.93,-0.86
2025-07-07,108269.6,109207.0,109686.8,107526.5,35.34,73.0,Greed,-0.86,0.59
2025-07-08,108913.1,108267.6,109208.3,107474.2,32.36,65.0,Greed,0.59,2.14
2025-07-09,111246.0,108913.1,111915.7,108329.9,56.81,66.0,Greed,2.14,4.27
2025-07-10,115993.6,111246.1,116626.3,110631.9,82.26,71.0,Greed,4.27,1.33
2025-07-11,117535.6,115994.0,118848.4,115261.9,89.27,71.0,Greed,1.33,-0.1
2025-07-12,117419.5,117535.6,118206.6,116951.2,32.19,79.0,Extreme Greed,-0.1,1.42
2025-07-13,119090.6,117422.4,119441.6,117247.7,33.24,74.0,Greed,1.42,0.64
2025-07-14,119849.5,119092.2,123104.7,118913.7,89.94,74.0,Greed,0.64,-1.74
2025-07-15,117762.3,119846.7,119944.0,115774.0,113.79,73.0,Greed,-1.74,0.78
2025-07-16,118683.2,117762.4,120028.0,117030.5,60.71,70.0,Greed,0.78,0.43
2025-07-17,119194.9,118680.6,120944.5,117489.7,55.75,74.0,Greed,0.43,-1.05
2025-07-18,117940.3,119196.4,120801.2,116839.2,66.9,73.0,Greed,-1.05,-0.08
2025-07-19,117848.4,117942.3,118508.2,117308.6,23.56,74.0,Greed,-0.08,-0.47
2025-07-20,117297.2,117848.4,118860.0,116515.2,40.07,72.0,Greed,-0.47,0.08
2025-07-21,117388.1,117297.2,119634.0,116540.9,54.78,71.0,Greed,0.08,2.2
2025-07-22,119965.5,117388.2,120253.1,116199.1,70.23,72.0,Greed,2.2,-1.0
2025-07-23,118763.0,119965.5,120089.5,117345.2,50.19,74.0,Greed,-1.0,-0.38
2025-07-24,118310.9,118760.7,119459.7,117141.7,55.0,71.0,Greed,-0.38,-0.57
2025-07-25,117631.9,118311.5,118449.8,114843.5,131.51,70.0,Greed,-0.57,0.24
2025-07-26,117917.6,117632.2,118298.1,117150.5,31.06,72.0,Greed,0.24,1.26
2025-07-27,119398.1,117918.3,119771.1,117840.4,34.87,73.0,Greed,1.26,-1.13
2025-07-28,118053.9,119402.7,119788.2,117426.5,61.81,75.0,Greed,-1.13,-0.09
2025-07-29,117950.1,118054.8,119261.0,117002.7,51.88,73.0,Greed,-0.09,-0.09
2025-07-30,117840.4,117949.8,118693.5,115830.7,48.17,74.0,Greed,-0.09,-1.76
2025-07-31,115765.0,117840.4,118920.7,115510.0,56.43,72.0,Greed,-1.76,-2.12
2025-08-01,113312.1,115766.7,116054.6,112760.6,77.85,65.0,Greed,-2.12,-0.67
2025-08-02,112547.7,113306.4,114050.0,112015.5,38.34,55.0,Greed,-0.67,1.48
2025-08-03,114213.1,112547.9,114758.4,111992.4,27.15,53.0,Neutral,1.48,0.74
2025-08-04,115055.3,114213.1,115720.9,114116.1,36.55,64.0,Greed,0.74,-0.8
2025-08-05,114139.1,115055.3,115111.7,112678.9,41.41,60.0,Greed,-0.8,0.76
2025-08-06,115002.1,114131.7,115714.0,113361.2,34.73,54.0,Neutral,0.76,2.16
2025-08-07,117480.5,115002.1,117628.4,114267.3,47.52,62.0,Greed,2.16,-0.68
2025-08-08,116676.3,117480.5,117625.1,115917.8,39.88,74.0,Greed,-0.68,-0.18
2025-08-09,116471.6,116676.5,117893.0,116357.7,34.33,67.0,Greed,-0.18,2.42
2025-08-10,119287.0,116468.4,119305.3,116468.4,46.65,69.0,Greed,2.42,-0.5
2025-08-11,118689.6,119291.8,122319.5,118242.5,81.13,70.0,Greed,-0.5,1.23
2025-08-12,120146.2,118689.6,120317.2,118217.4,56.86,68.0,Greed,1.23,2.64
2025-08-13,123323.4,120138.4,123651.8,118959.9,76.09,73.0,Greed,2.64,-4.06
2025-08-14,118314.2,123313.6,124436.8,117275.1,86.59,75.0,Greed,-4.06,-0.81
2025-08-15,117356.3,118314.1,119231.9,116816.8,45.23,60.0,Greed,-0.81,0.05
2025-08-16,117413.4,117356.3,117914.9,117195.6,25.18,56.0,Greed,0.05,-0.01
2025-08-17,117405.4,117393.8,118559.4,117192.4,21.87,64.0,Greed,-0.01,-1.02
2025-08-18,116203.8,117417.9,117552.7,114653.8,58.82,60.0,Greed,-1.02,-2.86
2025-08-19,112880.3,116218.9,116729.2,112750.9,62.15,56.0,Greed,-2.86,1.24
2025-08-20,114275.0,112878.1,114616.7,112409.4,54.63,44.0,Fear,1.24,-1.57
2025-08-21,112481.1,114275.0,114776.3,112023.0,43.0,50.0,Neutral,-1.57,3.95
2025-08-22,116928.9,112492.9,117416.9,111698.5,72.83,50.0,Neutral,3.95,-1.28
2025-08-23,115433.3,116928.9,117024.3,114576.5,39.63,60.0,Greed,-1.28,-1.69
2025-08-24,113483.2,115431.5,115663.3,110815.9,64.88,53.0,Neutral,-1.69,-2.97
2025-08-25,110118.4,113486.6,113665.1,109295.1,76.94,47.0,Neutral,-2.97,1.5
2025-08-26,111768.6,110118.4,112377.0,108768.3,62.08,48.0,Neutral,1.5,-0.46
2025-08-27,111255.6,111768.6,112611.3,110409.9,44.41,51.0,Neutral,-0.46,1.18
2025-08-28,112568.9,111263.2,113464.6,110887.7,41.38,48.0,Neutral,1.18,-3.74
2025-08-29,108355.6,112568.9,112617.3,107538.7,69.98,50.0,Neutral,-3.74,0.43
2025-08-30,108818.1,108367.7,108925.3,107433.4,41.99,39.0,Fear,0.43,-0.54
2025-08-31,108226.8,108818.1,109484.2,108092.6,33.8,48.0,Neutral,-0.54,0.94
2025-09-01,109243.3,108247.3,109898.5,107274.7,53.13,46.0,Fear,0.94,1.81
2025-09-02,111218.3,109241.6,111714.6,108425.3,60.02,49.0,Neutral,1.81,0.45
2025-09-03,111716.5,111227.9,112568.1,110547.9,43.05,55.0,Greed,0.45,-0.9
2025-09-04,110712.7,111716.5,112189.1,109344.8,43.3,51.0,Neutral,-0.9,-0.05
2025-09-05,110652.2,110727.9,113315.6,110234.6,63.56,48.0,Neutral,-0.05,-0.41
2025-09-06,110194.4,110660.1,111313.4,110010.5,21.14,48.0,Neutral,-0.41,0.87
2025-09-07,111150.1,110194.4,111594.1,110185.6,23.81,44.0,Fear,0.87,0.83
2025-09-08,112068.4,111140.9,112896.9,110630.5,41.95,51.0,Neutral,0.83,-0.49
2025-09-09,111516.5,112066.3,113259.9,110781.1,53.76,48.0,Neutral,-0.49,2.19
2025-09-10,113963.5,111517.1,114300.7,110938.8,62.24,49.0,Neutral,2.19,1.34
2025-09-11,115490.2,113963.5,115490.6,113446.6,47.81,54.0,Neutral,1.34,0.48
2025-09-12,116042.8,115490.5,116684.3,114766.1,56.48,57.0,Greed,0.48,-0.1
2025-09-13,115924.9,116042.6,116292.4,115207.3,30.79,52.0,Neutral,-0.1,-0.53
2025-09-14,115314.6,115924.8,116165.6,115158.3,25.84,55.0,Greed,-0.53,0.04
2025-09-15,115362.1,115314.2,116723.2,114412.2,48.68,53.0,Neutral,0.04,1.24
2025-09-16,116795.9,115362.1,116970.0,114801.0,43.05,52.0,Neutral,1.24,-0.32
2025-09-17,116425.9,116795.9,117284.2,114782.5,56.85,53.0,Neutral,-0.32,0.57
2025-09-18,117086.0,116426.5,117910.4,116144.9,46.5,52.0,Neutral,0.57,-1.23
2025-09-19,115649.0,117089.2,117470.7,115133.5,36.98,53.0,Neutral,-1.23,0.04
2025-09-20,115699.2,115649.0,116138.4,115424.9,20.42,48.0,Neutral,0.04,-0.39
2025-09-21,115243.0,115699.2,115833.2,115205.5,19.28,49.0,Neutral,-0.39,-2.23
2025-09-22,112673.0,115243.3,115382.7,111964.9,67.57,45.0,Fear,-2.23,-0.6
2025-09-23,112002.6,112673.0,113279.9,111501.9,44.21,43.0,Fear,-0.6,1.16
2025-09-24,113307.1,112002.9,113951.0,111212.0,43.29,44.0,Fear,1.16,-3.79
2025-09-25,109016.3,113307.1,113508.6,108675.3,69.14,44.0,Fear,-3.79,0.59
2025-09-26,109662.2,109012.4,110299.1,108673.0,54.26,28.0,Fear,0.59,-0.01
2025-09-27,109652.8,109662.2,109734.3,109090.8,22.46,33.0,Fear,-0.01,2.3
2025-09-28,112174.6,109652.8,112355.8,109213.5,28.91,37.0,Fear,2.3,1.95
2025-09-29,114357.5,112177.4,114412.5,111571.1,55.53,50.0,Neutral,1.95,-0.27
2025-09-30,114048.5,114355.4,114776.2,112672.5,53.07,50.0,Neutral,-0.27,3.97
2025-10-01,118576.2,114048.7,118634.5,113970.5,69.15,49.0,Neutral,3.97,1.68
2025-10-02,120566.1,118577.1,121023.0,118318.1,69.08,64.0,Greed,1.68,1.38
2025-10-03,122224.2,120566.1,123889.8,119272.6,81.43,63.0,Greed,1.38,0.13
2025-10-04,122387.1,122224.8,122810.6,121530.5,31.34,71.0,Greed,0.13,0.89
2025-10-05,123475.5,122387.1,125617.4,122146.2,66.03,74.0,Greed,0.89,1.01
2025-10-06,124725.1,123475.5,126186.0,123144.6,68.95,71.0,Greed,1.01,-2.7
2025-10-07,121356.6,124687.5,125112.9,120624.3,70.42,70.0,Greed,-2.7,1.61
2025-10-08,123311.1,121356.7,124139.3,121086.1,57.67,60.0,Greed,1.61,-1.33
2025-10-09,121666.3,123337.6,123710.9,119732.7,67.35,70.0,Greed,-1.33,-7.22
2025-10-10,112878.6,121666.6,122492.8,103893.3,153.63,64.0,Greed,-7.22,-1.96
2025-10-11,110671.5,112878.0,113315.0,109677.7,107.25,27.0,Fear,-1.96,3.9
2025-10-12,114986.0,110670.9,115733.9,109612.8,93.16,24.0,Extreme Fear,3.9,0.16
2025-10-13,115174.8,114985.9,115893.1,113802.1,71.35,38.0,Fear,0.16,-1.86
2025-10-14,113030.8,115174.8,115400.6,109948.0,95.33,38.0,Fear,-1.86,-2.0
2025-10-15,110767.4,113029.8,113611.9,110206.4,72.25,34.0,Fear,-2.0,-2.31
2025-10-16,108204.8,110767.4,111960.2,107549.1,92.62,28.0,Fear,-2.31,-1.63
2025-10-17,106443.5,108205.5,109232.3,103632.7,106.66,22.0,Extreme Fear,-1.63,0.7
2025-10-18,107193.5,106469.4,107489.0,106356.9,40.28,23.0,Extreme Fear,0.7,1.37
2025-10-19,108658.2,107189.9,109456.1,106134.9,52.65,29.0,Fear,1.37,1.74
2025-10-20,110544.0,108656.3,111677.2,107443.1,64.94,29.0,Fear,1.74,-1.99
2025-10-21,108340.9,110544.0,113971.6,107491.1,108.22,34.0,Fear,-1.99,-0.7
2025-10-22,107587.5,108336.4,109081.5,106746.2,86.97,25.0,Extreme Fear,-0.7,2.32
2025-10-23,110078.9,107587.5,111285.9,107518.9,59.44,27.0,Fear,2.32,0.85
2025-10-24,111013.1,110078.9,111966.0,109776.0,51.79,30.0,Fear,0.85,0.57
2025-10-25,111646.1,111012.4,111921.3,110702.1,23.3,37.0,Fear,0.57,2.6
2025-10-26,114550.9,111646.0,115153.9,111261.9,42.74,40.0,Fear,2.6,-0.39
2025-10-27,114108.0,114553.9,116307.5,113868.0,70.79,51.0,Neutral,-0.39,-1.05
2025-10-28,112905.8,114110.3,116076.7,112266.9,52.49,50.0,Neutral,-1.05,-2.55
2025-10-29,110024.6,112904.7,113628.7,109506.4,66.99,51.0,Neutral,-2.55,-1.55
2025-10-30,108320.1,110024.9,111585.8,106371.4,80.07,34.0,Fear,-1.55,1.18
2025-10-31,109602.8,108319.5,111102.2,108319.5,68.61,29.0,Fear,1.18,0.46
2025-11-01,110103.6,109602.7,110534.6,109406.7,27.13,33.0,Fear,0.46,0.44
2025-11-02,110586.6,110097.1,111229.8,109537.0,41.82,37.0,Fear,0.44,-3.62
2025-11-03,106578.1,110566.9,110736.3,105331.7,85.37,42.0,Fear,-3.62,-4.76
2025-11-04,101504.3,106584.3,107293.1,99001.8,134.18,21.0,Extreme Fear,-4.76,2.36
2025-11-05,103896.7,101500.8,104534.3,99010.6,98.5,23.0,Extreme Fear,2.36,-2.47
2025-11-06,101325.7,103893.0,104160.7,100350.9,78.43,27.0,Fear,-2.47,1.97
2025-11-07,103325.4,101330.3,104067.9,99290.8,94.27,24.0,Extreme Fear,1.97,-0.98
2025-11-08,102311.1,103326.4,103397.6,101474.0,41.41,20.0,Extreme Fear,-0.98,2.36
2025-11-09,104722.4,102311.3,105409.1,101469.1,51.64,22.0,Extreme Fear,2.36,1.23
2025-11-10,106006.9,104720.8,106629.5,104285.0,70.75,29.0,Fear,1.23,-2.79
2025-11-11,103046.7,106003.2,107461.3,102484.3,73.04,26.0,Fear,-2.79,-1.35
2025-11-12,101658.3,103046.7,105309.1,100858.0,63.52,24.0,Extreme Fear,-1.35,-1.9
2025-11-13,99728.7,101652.8,104008.7,98027.4,100.44,15.0,Extreme Fear,-1.9,-5.19
2025-11-14,94554.3,99707.0,99843.9,94126.2,131.3,16.0,Extreme Fear,-5.19,1.09
2025-11-15,95587.6,94557.5,96799.5,94557.5,48.15,10.0,Extreme Fear,1.09,-1.39
2025-11-16,94259.8,95587.6,96575.1,93043.5,68.24,10.0,Extreme Fear,-1.39,-2.19
2025-11-17,92195.0,94259.8,96002.7,91327.8,109.89,14.0,Extreme Fear,-2.19,0.83
